,username,category_labels
0,amirkarimi,"['3D art', 'Animation', 'Architecture', 'Conceptual art', 'NFT art']"
1,raphaelerba,"['3D art', 'Animation']"
2,setshb,"['3D art', 'Animation', 'Digital art', 'Modelling', 'Motion design', 'NFT art']"
3,artvisionnft,"['3D art', 'NFT art', 'Photography']"
4,motionsickness,"['3D art', 'Abstract art', 'Animation', 'Digital art', 'Graphic design', 'Video art']"
5,mattbag3d,"['3D art', 'Animation', 'Illustration', 'Modelling', 'NFT art', 'Sculpture']"
6,mej,"['3D art', 'Animation', 'Digital art', 'Filmmaking', 'Graphic design', 'Performance art', 'Video editing', 'Videography']"
7,filoo,"['3D art', 'Animation', 'Conceptual art', 'Digital art', 'Illustration', 'Sculpture', 'Video art']"
8,pixeloush,"['3D art', 'Animation', 'Digital art', 'Installation art', 'NFT art', 'Photography']"
9,odysseyoftheheart,"['3D art', 'Architecture', 'NFT art', 'Photography', 'Pottery and ceramics', 'Virtual reality']"
10,pierrebenjamin,"['3D art', 'Painting']"
11,nftcargirl,['3D art']
12,freter,"['3D art', 'Conceptual art', 'NFT art']"
13,andrebius,"['3D art', 'Animation', 'Conceptual art', 'Digital art', 'Game design', 'Graphic design', 'Illustration', 'NFT art', 'Video editing']"
14,coriot,"['3D art', 'Animation', 'Conceptual art', 'Drawing', 'Illustration', 'NFT art']"
15,tomato,"['3D art', 'Abstract art', 'Animation', 'Digital art', 'NFT art']"
16,gass,"['3D art', 'Animation', 'Digital art', 'Filmmaking', 'Music composition', 'Singing', 'Video art']"
17,blancolozano,"['3D art', 'Abstract art', 'Digital art', 'NFT art', 'Painting']"
18,shonamcdermott,"['3D art', 'Digital art', 'NFT art']"
19,studioriva,"['3D art', 'Digital art', 'Illustration', 'Sculpture', 'Woodwork']"
20,designnina,['3D art']
21,martisha_merems,"['3D art', 'Animation', 'Digital art', 'NFT art']"
22,adolfochs,"['3D art', 'Abstract art', 'Digital art', 'Painting']"
23,ijlalaslam,"['3D art', 'Animation', 'Conceptual art', 'Digital art', 'Photography']"
24,nogohnguyen,"['3D art', 'Illustration']"
25,mbsjq,"['3D art', 'Abstract art', 'Collage', 'Graphic design', 'Illustration']"
26,jikjix,"['3D art', 'Digital art', 'Fashion', 'NFT art', 'Nude art']"
27,bluntaction,['3D art']
28,shavonnewong,"['3D art', 'Animation', 'NFT art']"
29,hanneshummel,"['3D art', 'Animation', 'Digital art', 'Digital art', 'Filmmaking', 'Motion design', 'NFT art', 'Sound sculpting']"
30,pw_nft,"['3D art', 'Animation', 'NFT art']"
31,visualsofazmat,"['3D art', 'Conceptual art', 'Digital art', 'Digital art', 'Graphic design', 'Illustration', 'NFT art', 'Painting']"
32,stephanduq,"['3D art', 'Animation', 'Digital art', 'Digital art', 'Illustration', 'NFT art', 'Nude art']"
33,tyronejkd,"['3D art', 'Abstract art', 'Digital art', 'Digital art']"
34,milkorva,"['3D art', 'Abstract art', 'Digital art', 'Installation art', 'Performance art']"
35,warrragwag,"['3D art', 'Animation', 'Architecture', 'Game design', 'NFT art', 'Painting', 'Video art', 'Virtual reality']"
36,vmenons,"['3D art', 'Animation', 'Digital art', 'Illustration']"
37,unknownbeing,['3D art']
38,shoneec,"['3D art', 'Abstract art']"
39,glitchofmind,"['3D art', 'Fashion', 'NFT art', 'Photography']"
40,parsamostaghim,"['3D art', 'Animation', 'Music composition', 'Painting']"
41,erenarik,"['3D art', 'Conceptual art', 'Digital art', 'Illustration', 'NFT art', 'Video art']"
42,vesper,"['3D art', 'Animation', 'Conceptual art', 'Digital art', 'Modelling', 'Music composition', 'Music production', 'NFT art', 'Photography', 'Video art']"
43,boxhead,"['3D art', 'Animation', 'Digital art', 'Fashion', 'Illustration', 'Installation art', 'Motion design', 'Mural', 'NFT art', 'Street art']"
44,bezmiar,"['3D art', 'Animation', 'Collage', 'Music composition', 'Music production', 'NFT art']"
45,brokendoodle,['3D art']
46,iamcfw,"['3D art', 'Collage', 'Digital art', 'Graffiti', 'Illustration', 'Motion design', 'NFT art']"
47,parrott,"['3D art', 'Digital art', 'Music production', 'NFT art']"
48,ganesh,"['3D art', 'Architecture', 'Digital art', 'Graphic design']"
49,ivoc,"['3D art', 'Digital art', 'Sculpture']"
50,nenado666,"['3D art', 'Animation', 'Digital art', 'Motion design', 'NFT art', 'Photography']"
51,cinthiaponce,"['3D art', 'Abstract art', 'Animation', 'Conceptual art', 'Illustration']"
52,hamedaziziart,"['3D art', 'Animation', 'Digital art', 'Filmmaking', 'Motion design', 'NFT art', 'Video art']"
53,shahrokh,"['3D art', 'Animation', 'Architecture', 'Conceptual art', 'Digital art', 'Graphic design', 'Illustration', 'Photography']"
54,chewingnft_eth,"['3D art', 'Animation']"
55,samiravoxelart,['3D art']
56,arjunkamal,"['3D art', 'Abstract art', 'Animation', 'Digital art', 'Motion design', 'NFT art', 'Video art']"
57,aia,"['3D art', 'Animation', 'Digital art', 'Land art', 'NFT art', 'Photography']"
58,jwon_nfts,"['3D art', 'Acting', 'Animation', 'Body art', 'NFT art']"
59,piransi,"['3D art', 'Animation', 'Digital art', 'NFT art', 'Painting', 'Photography', 'Video art']"
60,momo1,"['3D art', 'NFT art']"
61,nima,"['3D art', 'Abstract art', 'Digital art', 'Graphic design', 'NFT art', 'UI design', 'UX design']"
62,hoxid,"['3D art', 'Abstract art', 'Animation', 'Music composition', 'Music production']"
63,txrek,"['3D art', 'Abstract art', 'Animation', 'Digital art', 'NFT art', 'Video art', 'Video editing']"
64,abinhindi,"['3D art', 'Architecture', 'Digital art', 'Illustration', 'Installation art', 'Modelling', 'NFT art', 'Photography', 'Product design']"
65,darkmythst,"['3D art', 'Animation', 'Digital art', 'Modelling', 'Motion design', 'NFT art', 'Sound engineering']"
66,mir_moein,"['3D art', 'Modelling', 'NFT art']"
67,milagrose,"['3D art', 'Digital art', 'Fashion', 'Graphic design', 'Industrial design', 'Interior design', 'NFT art', 'Video art']"
68,shych1vette,"['3D art', 'Animation', 'Curator', 'Digital art', 'NFT art', 'Nude art', 'Painting']"
69,stijnstragier,"['3D art', 'Architecture', 'Digital art', 'NFT art', 'Photography', 'Video art']"
70,artbynic,"['3D art', 'Abstract art', 'Collage', 'Illustration', 'NFT art', 'Painting']"
71,salehc4d,"['3D art', 'Digital art', 'NFT art', 'Video art']"
72,bluebird,"['3D art', 'Digital art', 'Fashion', 'NFT art', 'Sculpture']"
73,geumat,"['3D art', 'Animation', 'Conceptual art', 'Digital art', 'Filmmaking', 'Graphic design', 'Illustration', 'Motion design', 'NFT art', 'Video editing']"
74,fameta_eth,"['3D art', 'Architecture', 'Illustration', 'NFT art']"
75,samaneh,"['3D art', 'Animation', 'Conceptual art', 'Digital art', 'Filmmaking', 'Illustration', 'Motion design', 'NFT art', 'Sculpture', 'Video art']"
76,mahankhoshhal,"['3D art', 'Animation', 'Architecture', 'Digital art', 'Motion design']"
77,mab369,['3D art']
78,raanaamiri,"['3D art', 'Architecture', 'Collage', 'Conceptual art', 'Illustration', 'NFT art']"
79,necrofear,['3D art']
80,booyasan,"['3D art', 'Digital art', 'Motion design', 'NFT art', 'Photography', 'Video art']"
81,glariix,"['3D art', 'Animation', 'Conceptual art', 'Digital art', 'Graphic design', 'Motion design', 'NFT art', 'Video art']"
82,miilad,"['3D art', 'Animation', 'Digital art', 'Fashion', 'Land art']"
83,nurart,"['3D art', 'Animation', 'Digital art', 'Drawing', 'Illustration', 'NFT art', 'Painting', 'Poetry', 'Video art']"
84,sadeg,"['3D art', 'Animation']"
85,farhamalipanah,"['3D art', 'Conceptual art', 'Digital art', 'Illustration', 'Modelling', 'NFT art', 'Photography', 'UI design', 'UX design']"
86,fatemehsaadati,"['3D art', 'Animation', 'Conceptual art', 'Digital art', 'NFT art']"
87,salyaku,"['3D art', 'Collage', 'Digital art', 'NFT art']"
88,jassbarbier,"['3D art', 'Collage', 'Digital art', 'Graphic design', 'Illustration', 'NFT art', 'Photography', 'Video art']"
89,farnaz,"['3D art', 'Architecture', 'Conceptual art', 'Digital art', 'Game design', 'NFT art']"
90,pablo_espinoza,"['3D art', 'Animation', 'Digital art', 'NFT art']"
91,saedd,"['3D art', 'Collage', 'Digital art', 'Fashion', 'NFT art', 'Tattoo art', 'Video art']"
92,yektaeian,"['3D art', 'Architecture', 'Conceptual art', 'Digital art', 'NFT art']"
93,miladjasbi,"['3D art', 'Animation', 'Digital art', 'Photography']"
94,zigor,"['3D art', 'Animation', 'NFT art']"
95,ehsan3dart,"['3D art', 'Animation', 'NFT art']"
96,alessiogarcai,"['3D art', 'Animation', 'Digital art', 'Modelling', 'NFT art']"
97,leafswan,['3D art']
98,mzk,"['3D art', 'Abstract art', 'Digital art', 'Drawing', 'Illustration', 'NFT art', 'Painting']"
99,ranksss,"['3D art', 'Animation', 'Architecture', 'Digital art']"
100,mahamaniac,"['3D art', 'Animation', 'Music composition', 'NFT art']"
101,brat,"['3D art', 'Digital art', 'Graphic design', 'Motion design', 'NFT art', 'Photography', 'Video art', 'Video editing', 'Videography']"
102,naksiela,"['3D art', 'Architecture', 'Conceptual art', 'NFT art']"
103,hasangoktepe,"['3D art', 'Architecture', 'Digital art', 'Modelling', 'NFT art']"
104,teto,"['3D art', 'NFT art', 'Video art']"
105,arash,"['3D art', 'Abstract art', 'Digital art', 'Game design', 'Graphic design', 'Installation art', 'NFT art', 'UI design', 'UX design', 'Video art']"
106,vivianeg,['3D art']
107,asnaei,"['3D art', 'Abstract art']"
108,fadd,"['3D art', 'Digital art', 'Drawing', 'Illustration']"
109,young6529,"['3D art', 'Architecture', 'Digital art']"
110,gydravlik,['3D art']
111,imcriterio,['3D art']
112,davidoxleyart,"['3D art', 'Animation', 'Digital art', 'Game design', 'Graphic design', 'Light installation', 'NFT art', 'Photography', 'Pop art', 'Virtual reality']"
113,fateme,"['3D art', 'Architecture']"
114,fapcobo,['3D art']
115,smileworld,['3D art']
116,serc,"['3D art', 'Abstract art', 'Calligraphy', 'Curator', 'Digital art', 'Graffiti', 'Graphic design', 'Illustration', 'Street art']"
117,gibbdesigner,"['3D art', 'Collage', 'Conceptual art', 'Digital art', 'NFT art']"
118,daving,"['3D art', 'Abstract art', 'Digital art', 'Illustration', 'Industrial design', 'Installation art', 'NFT art', 'Painting']"
119,amrit,"['3D art', 'Animation', 'Architecture', 'Curator', 'Digital art', 'Illustration', 'Motion design', 'NFT art', 'Pop art', 'Virtual reality']"
120,dnl,"['3D art', 'Abstract art', 'Animation', 'Digital art', 'NFT art']"
121,dvad33r,"['3D art', 'Animation', 'Digital art', 'NFT art']"
122,shootthismoment,"['3D art', 'Collage', 'Digital art', 'Photography']"
123,sourpower,"['3D art', 'Abstract art', 'NFT art', 'UI design', 'UX design', 'Writing']"
124,anemale,['3D art']
125,astro,"['3D art', 'Abstract art', 'Animation', 'Architecture', 'Digital art', 'Illustration', 'NFT art', 'Sculpture', 'Voice acting']"
126,purz,"['3D art', 'Abstract art', 'Graphic design', 'Motion design', 'Music production', 'NFT art', 'Sound engineering', 'Video art', 'Video editing', 'VJing']"
127,mangoscam,"['3D art', 'Abstract art', 'Digital art', 'Graffiti', 'Illustration', 'NFT art', 'Virtual reality']"
128,tarzan,"['3D art', 'Animation']"
129,web_horizons,"['3D art', 'Animation', 'Digital art']"
130,johnafonso,"['3D art', 'Animation']"
131,sheva_artist,"['3D art', 'Conceptual art', 'Digital art', 'Eco art', 'Graffiti', 'Motion design', 'NFT art', 'Painting']"
132,browntopink,"['3D art', 'Modelling', 'NFT art', 'Nude art']"
133,conte74,"['3D art', 'Animation', 'Digital art', 'Illustration', 'NFT art']"
134,gart3,"['3D art', 'Architecture', 'Conceptual art', 'Curator']"
135,amin_the_artist,"['3D art', 'Digital art']"
136,warbb,"['3D art', 'NFT art', 'Video art']"
137,kkknight_artsss,"['3D art', 'Digital art', 'Graphic design', 'Illustration', 'Motion design', 'NFT art', 'Photography']"
138,n77,"['3D art', 'Digital art', 'NFT art', 'Photography']"
139,bavugar,"['3D art', 'Anime', 'Conceptual art', 'Curator', 'Digital art', 'Drawing', 'Illustration']"
140,pouya,"['3D art', 'Digital art', 'Drawing', 'Photography']"
141,viz,['3D art']
142,angelamantilla,"['3D art', 'Architecture', 'Digital art', 'Illustration', 'NFT art']"
143,diegomac,"['3D art', 'Animation', 'Dance', 'Digital art', 'Filmmaking', 'Kinetic sculpture', 'Motion design', 'NFT art', 'Performance art', 'Video art']"
144,miyomiyo_nft,['3D art']
145,thousand_words,"['3D art', 'Animation', 'Filmmaking', 'Land art', 'NFT art', 'Video art', 'Videography']"
146,niusha,"['3D art', 'Animation', 'Digital art', 'Fashion', 'Illustration', 'NFT art']"
147,bekarios,"['3D art', 'Abstract art', 'Drawing', 'Filmmaking', 'Graphic design', 'Motion design', 'Painting', 'Virtual reality']"
148,emgeedraw,"['3D art', 'Architecture', 'Digital art', 'NFT art', 'Sculpture']"
149,legend,"['3D art', 'Digital art', 'NFT art']"
150,soheilmn,"['3D art', 'Digital art', 'Illustration', 'Photography']"
151,neema,"['3D art', 'Digital art', 'NFT art', 'Photography', 'Video art', 'VJing']"
152,ardavan_,"['3D art', 'Animation', 'Music composition', 'Music production', 'NFT art']"
153,josuemoreno_art,"['3D art', 'Animation', 'Collage', 'Digital art', 'Photography']"
154,peng1,"['3D art', 'Abstract art', 'Animation', 'Conceptual art', 'Digital art', 'Drawing', 'Illustration', 'Motion design', 'NFT art']"
155,chrisland1405,"['3D art', 'Abstract art', 'Collage', 'Conceptual art', 'Digital art', 'Ephemera', 'NFT art', 'Poetry', 'Writing']"
156,cibarius,['3D art']
157,chazzgoldart,"['3D art', 'Animation', 'Assemblage', 'Collage', 'Conceptual art', 'Curator', 'Digital art', 'DJing', 'NFT art', 'Photography']"
158,sonance,"['3D art', 'Animation', 'Conceptual art', 'Digital art', 'Graphic design', 'Illustration', 'Motion design', 'NFT art', 'Photography', 'Video editing']"
159,thedigitalcoy,"['3D art', 'Abstract art', 'Digital art', 'Drawing', 'Illustration', 'Music composition', 'Photography', 'Poetry', 'Video art', 'Writing']"
160,filip_zaruba,"['3D art', 'Animation', 'DJing', 'Filmmaking', 'Graphic design', 'Industrial design', 'Motion design', 'Music composition', 'NFT art', 'Product design']"
161,jmarino,"['3D art', 'Animation', 'Anime']"
162,ibackstrom,"['3D art', 'Abstract art', 'Animation']"
163,rohitjalan,"['3D art', 'NFT art']"
164,fractalist3d,"['3D art', 'Animation', 'Motion design', 'NFT art', 'VJing']"
165,jemappellekant,"['3D art', 'Architecture', 'Body art', 'Conceptual art', 'Drawing', 'Installation art', 'Nude art', 'Photography', 'Sculpture', 'Virtual reality']"
166,mepuru,"['3D art', 'Animation']"
167,parisakhazaee,"['3D art', 'Animation', 'Illustration', 'Painting']"
168,yousefi,"['3D art', 'Animation', 'Photography']"
169,sanndycreationz,"['3D art', 'Digital art', 'NFT art']"
170,serdar,"['3D art', 'Anime', 'Digital art', 'Video editing']"
171,khalat,"['3D art', 'Architecture', 'Conceptual art', 'NFT art', 'Poetry']"
172,mackillop,"['3D art', 'Abstract art', 'Collage', 'Digital art', 'Graphic design', 'Illustration', 'Music composition', 'NFT art', 'Painting', 'Singing']"
173,metatrone,"['3D art', 'Abstract art', 'Animation', 'Architecture', 'Assemblage', 'Collage', 'Digital art', 'Filmmaking', 'NFT art', 'Pop art']"
174,fabin,"['3D art', 'Conceptual art', 'Curator', 'Digital art', 'Graphic design', 'NFT art', 'Painting', 'Poetry', 'Sculpture', 'Virtual reality']"
175,sqwqo,"['3D art', 'Animation', 'Digital art', 'Illustration']"
176,selenine,"['3D art', 'Animation', 'Conceptual art', 'Digital art', 'NFT art']"
177,mroscar,['3D art']
178,nft_sell_navab,"['3D art', 'Abstract art', 'Animation', 'Digital art', 'Drawing', 'Game design', 'Graphic design', 'Illustration', 'Painting']"
179,sina,"['3D art', 'Animation', 'Digital art', 'Graphic design', 'Motion design', 'NFT art']"
180,parallaxcreates,['3D art']
181,brittanypierre,"['3D art', 'Curator', 'Digital art', 'DJing', 'Filmmaking', 'Graphic design', 'Music composition', 'Music production', 'NFT art', 'Photography']"
182,secreverse,"['3D art', 'Animation']"
183,snowghost,"['3D art', 'NFT art']"
184,philosopher,"['3D art', 'Animation', 'Filmmaking', 'Graffiti']"
185,behroozdaavari,"['3D art', 'Animation', 'Collage', 'Digital art', 'Filmmaking', 'Photography']"
186,parallaxrendering,"['3D art', 'Abstract art', 'NFT art']"
187,arastoo4d,"['3D art', 'Abstract art', 'Assemblage', 'Calligraphy', 'Collage', 'Curator', 'Digital art', 'Drawing', 'Graphic design', 'Illustration']"
188,sares,"['3D art', 'Animation', 'Modelling', 'NFT art']"
189,anes,"['3D art', 'NFT art']"
190,jarvinart,"['3D art', 'Architecture', 'Conceptual art', 'Digital art']"
191,barbiares,"['3D art', 'Animation', 'Digital art', 'Fashion', 'NFT art']"
192,soulw1p3r,"['3D art', 'Abstract art', 'Animation', 'Conceptual art', 'Digital art', 'Filmmaking', 'Graphic design', 'NFT art', 'Video art']"
193,neonglitch86,['3D art']
194,ricardomotta,"['3D art', 'Abstract art', 'Animation', 'Conceptual art', 'Digital art']"
195,caslyart,"['3D art', 'Abstract art', 'Animation', 'Digital art', 'Drawing', 'NFT art', 'Photography', 'Video art', 'Writing']"
196,ryak,"['3D art', 'Abstract art', 'Collage', 'Conceptual art', 'Digital art', 'Installation art', 'NFT art', 'Street art', 'Video art', 'Virtual reality']"
197,sturec,"['3D art', 'Abstract art', 'Animation', 'Digital art', 'Illustration', 'NFT art', 'Tattoo art']"
198,anomalit,"['3D art', 'Abstract art', 'Digital art', 'Fashion', 'Illustration', 'Installation art', 'NFT art', 'Painting', 'Sculpture', 'Street art']"
199,cachli,"['3D art', 'Animation', 'NFT art']"
200,sharlynenazari,"['3D art', 'Digital art', 'Drawing', 'Graphic design', 'Illustration', 'Industrial design', 'NFT art', 'Painting']"
201,arty,"['3D art', 'Abstract art', 'Animation', 'Digital art', 'Illustration', 'NFT art', 'Photography']"
202,marjanmoghaddam,"['3D art', 'Animation', 'Conceptual art', 'Digital art', 'Motion design', 'NFT art', 'Sculpture', 'Social media content', 'Video art', 'Virtual reality']"
203,zcreativemedia,"['3D art', 'Digital art', 'Fashion', 'Filmmaking', 'Photography', 'Video editing', 'Videography', 'Virtual reality']"
204,panoramicps,"['3D art', 'Animation', 'Digital art', 'Game design', 'NFT art']"
205,hashemi,"['3D art', 'Animation', 'Conceptual art', 'Drawing', 'Mural', 'NFT art']"
206,themainugly,"['3D art', 'Abstract art', 'Animation', 'Digital art', 'Graffiti', 'Graphic design', 'Illustration', 'NFT art', 'Painting', 'Pop art']"
207,statuette,"['3D art', 'Abstract art', 'NFT art', 'Sculpture']"
208,nico,"['3D art', 'Architecture', 'Digital art', 'NFT art', 'Photography']"
209,yurimo,"['3D art', 'Digital art']"
210,vidhuraghavan,"['3D art', 'Conceptual art', 'Digital art', 'Generative art', 'NFT art']"
211,saharshavikloo,"['3D art', 'Abstract art', 'Graphic design', 'Illustration', 'Magic and illusion']"
212,florenaux,"['3D art', 'Abstract art', 'Conceptual art', 'Digital art', 'NFT art']"
213,ate,"['3D art', 'Digital art', 'NFT art']"
214,farboduniqueart,"['3D art', 'Digital art', 'Industrial design', 'NFT art']"
215,dix0x1,['3D art']
216,kidszab,"['3D art', 'Animation']"
217,mahsaali,"['3D art', 'Animation', 'Digital art', 'NFT art']"
218,mahnaz,"['Abstract art', 'Conceptual art', 'Digital art', 'NFT art', 'Nude art', 'Painting']"
219,jenk,"['Abstract art', 'Digital art', 'DJing', 'NFT art']"
220,dark0,"['Abstract art', 'Digital art', 'Painting', 'Printmaking']"
221,matthewcherrie,"['Abstract art', 'NFT art', 'Photography', 'Social media content']"
222,aqueous,"['Abstract art', 'Collage', 'Digital art', 'Graphic design', 'Illustration', 'Modelling', 'NFT art', 'Nude art', 'Painting', 'Photography']"
223,p1x3lboy,"['Abstract art', 'Digital art']"
224,unnikrishna,"['Abstract art', 'Animation', 'Calligraphy', 'Conceptual art', 'Copywriting', 'Curator', 'Digital art']"
225,kvetcch,"['Abstract art', 'Collage', 'Digital art', 'NFT art']"
226,sakehqueen,"['Abstract art', 'Digital art', 'Painting', 'Photography']"
227,sparkynazaren,"['Abstract art', 'Digital art']"
228,artsarity,"['Abstract art', 'Animation', 'Digital art', 'Drawing', 'Illustration', 'NFT art', 'Painting']"
229,mich_viljoen,"['Abstract art', 'Digital art', 'NFT art', 'Painting', 'Photography']"
230,raecreate,"['Abstract art', 'Conceptual art', 'Curator', 'Installation art', 'NFT art', 'Performance art', 'Photography', 'Sculpture']"
231,ernesto,"['Abstract art', 'Conceptual art', 'Digital art', 'Music composition', 'NFT art', 'Video art']"
232,degenerate_generated,['Abstract art']
233,gfharperartist,"['Abstract art', 'Conceptual art', 'Digital art', 'Illustration', 'NFT art', 'Painting', 'Poetry']"
234,trizzytrunk,"['Abstract art', 'Conceptual art', 'Video art']"
235,lalagarcia,"['Abstract art', 'Collage', 'Digital art', 'NFT art']"
236,xoj9,"['Abstract art', 'Collage', 'Conceptual art', 'Digital art', 'NFT art', 'Painting', 'Pop art']"
237,ishika_guha,"['Abstract art', 'Digital art', 'Drawing', 'Painting']"
238,jenny,['Abstract art']
239,mariinksarts,"['Abstract art', 'Animation', 'NFT art', 'Painting']"
240,jaxestudios,"['Abstract art', 'Conceptual art', 'Digital art', 'Digital art', 'Illustration', 'NFT art', 'Pop art']"
241,tiago,"['Abstract art', 'Collage', 'Conceptual art']"
242,egoloart,['Abstract art']
243,uffizi,"['Abstract art', 'Conceptual art', 'Digital art', 'NFT art', 'Painting']"
244,jensueferrell,"['Abstract art', 'Photography']"
245,nebenzu,"['Abstract art', 'Calligraphy', 'Digital art', 'Graffiti']"
246,robertjamez,"['Abstract art', 'NFT art', 'Painting', 'Pop art']"
247,manjushree_nft,"['Abstract art', 'Conceptual art', 'Digital art', 'NFT art', 'Nude art', 'Painting', 'Photography', 'Poetry']"
248,ntavallaee,"['Abstract art', 'Collage', 'Conceptual art', 'Digital art', 'NFT art', 'Poetry', 'Singing', 'Writing']"
249,siamakm101,"['Abstract art', 'Conceptual art', 'Digital art', 'NFT art', 'Painting']"
250,unaraneta,"['Abstract art', 'Animation', 'Digital art', 'NFT art', 'Video art']"
251,dart2021,"['Abstract art', 'Digital art', 'Illustration', 'NFT art']"
252,dollykabaria,"['Abstract art', 'Conceptual art', 'Digital art', 'Photography', 'Upcycling art']"
253,x1smind,"['Abstract art', 'Digital art', 'Motion design']"
254,aihabit,['Abstract art']
255,arregium,"['Abstract art', 'Collage', 'Digital art', 'NFT art', 'Poetry']"
256,mattmillsart,['Abstract art']
257,itsnaastaaraan,"['Abstract art', 'Conceptual art', 'Digital art']"
258,chrisarvan,"['Abstract art', 'Animation', 'Conceptual art', 'Motion design', 'Music composition', 'Music production', 'NFT art', 'Sound engineering', 'Video editing', 'Writing']"
259,karishmabagla,"['Abstract art', 'Animation', 'Conceptual art', 'Dance', 'Digital art', 'Improvisation', 'Music composition', 'NFT art', 'Singing', 'Writing']"
260,mpt,"['Abstract art', 'Paper', 'Pen']"
261,supreme,"['Abstract art', 'Music composition', 'Music production', 'NFT art', 'Performance art']"
262,chigo_artish,"['Abstract art', 'Digital art', 'NFT art']"
263,quietmaybe,"['Abstract art', 'Painting']"
264,lianna,"['Abstract art', 'Curator', 'Digital art', 'Illustration', 'Mural', 'NFT art', 'Painting', 'Photography']"
265,picsabal,"['Abstract art', 'Animation', 'Digital art', 'Drawing', 'Illustration', 'NFT art']"
266,bijoux2too,"['Abstract art', 'Animation', 'Collage', 'Digital art', 'Filmmaking', 'Installation art', 'Jewellery making', 'NFT art', 'Photography', 'Video art']"
267,thankyoux,['Abstract art']
268,asaart,"['Abstract art', 'Animation', 'Body art', 'Filmmaking', 'NFT art', 'Nude art', 'Painting', 'Pop art']"
269,parin,"['Abstract art', 'Drawing', 'Painting']"
270,jake_andrew,"['Abstract art', 'Digital art', 'Installation art', 'Music composition']"
271,monika,"['Abstract art', 'Collage', 'Drawing', 'Food sculpting', 'NFT art', 'Painting', 'Poetry']"
272,rimikoutoubi,"['Abstract art', 'Digital art', 'Drawing', 'Painting']"
273,daimalyad,"['Abstract art', 'Digital art', 'NFT art', 'Video art', 'Writing']"
274,gavasheli,"['Abstract art', 'Body art', 'Digital art', 'Fashion', 'Painting']"
275,lucavancharli,"['Abstract art', 'Conceptual art', 'Copywriting', 'Digital art', 'NFT art', 'Poetry', 'Pop art']"
276,kristaawad,"['Abstract art', 'NFT art', 'Painting']"
277,infinite_mantra,"['Abstract art', 'Animation', 'Assemblage', 'Conceptual art', 'Digital art', 'Graphic design', 'Illustration', 'Video art']"
278,taimazz,"['Abstract art', 'Photography']"
279,mjuventa,"['Abstract art', 'Collage', 'Curator', 'Digital art', 'Illustration', 'NFT art', 'Painting']"
280,stustustudio,"['Abstract art', 'Animation', 'NFT art', 'Photography']"
281,soft_utopia,"['Abstract art', 'Collage', 'Digital art', 'Illustration', 'NFT art']"
282,foxbox,"['Abstract art', 'Anime', 'Drawing']"
283,rockergandalf,"['Abstract art', 'Collage', 'Conceptual art', 'Digital art', 'Music composition', 'Music production', 'NFT art', 'Painting', 'Video art']"
284,jimialbert,"['Abstract art', 'NFT art', 'Painting', 'Photography']"
285,kazemirashed,"['Abstract art', 'Body art', 'Collage', 'Conceptual art', 'Drawing', 'NFT art', 'Nude art', 'Painting', 'Pop art', 'Printmaking']"
286,zaryart,"['Abstract art', 'Digital art', 'Painting']"
287,sarvari,['Abstract art']
288,miretratito,"['Abstract art', 'Digital art', 'Installation art', 'Music composition', 'Music production', 'NFT art', 'Performance art', 'Photography', 'Poetry', 'Video art']"
289,bettynajafi,"['Abstract art', 'Painting']"
290,yiki_art,"['Abstract art', 'Body art', 'Mural', 'Sculpture']"
291,yeganeh,"['Abstract art', 'Conceptual art', 'Digital art', 'Drawing', 'Graphic design', 'Illustration', 'NFT art', 'Painting', 'Photography', 'Pop art']"
292,sepidehsahebdel,"['Abstract art', 'Digital art', 'Illustration', 'NFT art', 'Painting']"
293,arkain,"['Abstract art', 'Animation', 'Digital art', 'Installation art']"
294,nicolacorina,"['Abstract art', 'Photography']"
295,fereshtehfarmand,"['Abstract art', 'Digital art', 'Illustration', 'NFT art']"
296,acessmemory,"['Abstract art', 'Digital art', 'Drawing', 'Illustration', 'Painting']"
297,sepas_eth,"['Abstract art', 'Digital art', 'Drawing', 'Illustration', 'NFT art', 'Painting', 'Pop art']"
298,mahyart,"['Abstract art', 'Painting']"
299,siyasense,"['Abstract art', 'Digital art', 'Painting', 'Photography', 'Poetry']"
300,lizahawthorne,"['Abstract art', 'Illustration', 'Photography']"
301,mana,"['Abstract art', 'Collage', 'Conceptual art', 'NFT art']"
302,stevenmorse,"['Abstract art', 'Acting', 'Conceptual art', 'Curator', 'Digital art', 'Illustration', 'Modelling', 'Photography', 'Poetry', 'Voice acting']"
303,brightlightart,"['Abstract art', 'Digital art', 'NFT art', 'Social media content']"
304,khosravipantea,"['Abstract art', 'Collage', 'NFT art', 'Painting', 'Photography']"
305,anjevela,"['Abstract art', 'Collage', 'Conceptual art', 'Curator', 'Digital art', 'Drawing', 'NFT art', 'Painting', 'Photography', 'Social media content']"
306,paxromanart,"['Abstract art', 'NFT art']"
307,pm,"['Abstract art', 'Collage', 'Conceptual art', 'Digital art', 'NFT art']"
308,eldeniz,"['Abstract art', 'NFT art']"
309,marieladinardo,"['Abstract art', 'Collage', 'Curator', 'Digital art', 'Illustration', 'Installation art', 'NFT art', 'Painting', 'Sculpture', 'Upcycling art']"
310,sunage,"['Abstract art', 'Digital art', 'NFT art']"
311,jamesatruett,"['Abstract art', 'Digital art', 'Eco art', 'Land art', 'NFT art', 'Photography']"
312,squintdev,"['Abstract art', 'Animation', 'Collage', 'Conceptual art', 'Digital art', 'Graphic design', 'Illustration', 'Installation art', 'Motion design', 'NFT art']"
313,dbiasatti_64crypto,"['Abstract art', 'Collage', 'Conceptual art', 'Digital art', 'Drawing', 'Illustration', 'NFT art', 'Painting', 'Pen']"
314,hannevanbriel,"['Abstract art', 'NFT art', 'Photography']"
315,senemsad,['Abstract art']
316,klunk22,"['Abstract art', 'Conceptual art', 'Digital art', 'Photography']"
317,dragic,"['Abstract art', 'Conceptual art', 'Digital art', 'Illustration', 'NFT art']"
318,cristinarosa,['Abstract art']
319,yelojoquemira,"['Abstract art', 'Illustration', 'Painting', 'Writing']"
320,bagenblagen,"['Abstract art', 'Illustration', 'NFT art', 'Street art']"
321,rubencurbelo,"['Abstract art', 'Animation', 'Digital art']"
322,maliart,"['Abstract art', 'Digital art', 'Drawing', 'Illustration', 'NFT art', 'Nude art', 'Painting']"
323,benny420creator,"['Abstract art', 'Animation', 'Digital art', 'NFT art', 'Poetry']"
324,paschamo,"['Abstract art', 'Drawing', 'NFT art', 'Painting']"
325,selkie,"['Abstract art', 'Animation']"
326,matt_serious,"['Abstract art', 'Collage', 'Drawing', 'NFT art', 'Painting']"
327,sjbennettvisualartist,"['Abstract art', 'NFT art', 'Photography']"
328,mihailgreen,"['Abstract art', 'Digital art', 'Land art', 'Motion design', 'NFT art']"
329,johnpozo,"['Abstract art', 'Digital art', 'NFT art', 'Painting']"
330,pobedeen,"['Abstract art', 'Curator', 'Fashion', 'Light installation', 'NFT art', 'Nude art', 'Photography']"
331,rmosho,"['Abstract art', 'Collage', 'Digital art', 'Drawing', 'Illustration', 'NFT art', 'Painting', 'Upcycling art', 'Writing']"
332,mangup,"['Abstract art', 'Animation', 'Digital art', 'Illustration', 'NFT art']"
333,wiseman,['Abstract art']
334,petravoice,"['Abstract art', 'Digital art']"
335,mobilography,"['Abstract art', 'Conceptual art', 'Digital art', 'Drawing', 'Eco art', 'NFT art', 'Painting', 'Photography', 'Poetry', 'Writing']"
336,darbles,"['Abstract art', 'Collage']"
337,cslim,"['Abstract art', 'Collage', 'Conceptual art', 'Digital art', 'Illustration', 'NFT art']"
338,shahnamok,"['Abstract art', 'Digital art', 'Drawing', 'NFT art', 'Painting']"
339,jams2blues,"['Abstract art', 'Animation', 'Conceptual art', 'Digital art', 'Drawing', 'Improvisation', 'Music composition', 'NFT art', 'Painting', 'Pen']"
340,wolf_ram,"['Abstract art', 'Animation', 'Conceptual art', 'Digital art', 'Jewellery making', 'NFT art', 'Painting', 'Photography', 'Sculpture', 'Video art']"
341,hamiz,"['Abstract art', 'Architecture', 'Digital art', 'Graffiti', 'Graphic design', 'Illustration', 'Installation art', 'Painting', 'Pop art', 'Writing']"
342,semiiiramiiis,"['Abstract art', 'Animation', 'Calligraphy', 'Collage', 'Conceptual art', 'Digital art', 'Drawing', 'Illustration', 'NFT art', 'Painting']"
343,edouard,"['Abstract art', 'Digital art', 'Music production', 'NFT art', 'Photography']"
344,roymina,"['Abstract art', 'Digital art', 'Drawing', 'Illustration', 'NFT art', 'Painting']"
345,songer,"['Abstract art', 'DJing', 'NFT art']"
346,bocagrandiart,"['Abstract art', 'Digital art', 'NFT art', 'Painting']"
347,jt,"['Abstract art', 'Digital art', 'NFT art']"
348,multiplatinumhd,"['Abstract art', 'Animation', 'Digital art', 'Music production', 'Painting']"
349,soulcurryart,"['Abstract art', 'Conceptual art', 'Digital art', 'Drawing', 'Graphic design', 'Illustration', 'Motion design', 'Painting', 'Paper', 'Pen']"
350,a5ht4r,['Abstract art']
351,oksanabulgakova,"['Abstract art', 'Conceptual art', 'Digital art', 'Drawing', 'Modelling', 'NFT art', 'Nude art', 'Painting', 'Photography', 'Video art']"
352,ovachinsky,"['Abstract art', 'Graphic design', 'Music production', 'Photography', 'Sound engineering', 'Sound sculpting']"
353,xanderblue,"['Abstract art', 'Collage', 'Digital art', 'NFT art']"
354,kaelivanfossen,"['Abstract art', 'Collage', 'Digital art', 'Graphic design', 'Illustration', 'NFT art', 'Painting', 'Virtual reality']"
355,enagart,"['Abstract art', 'Digital art', 'Music production', 'NFT art']"
356,metaisdope,['Abstract art']
357,cayden,"['Abstract art', 'NFT art', 'Painting']"
358,snowynam,"['Abstract art', 'Digital art', 'Illustration', 'NFT art', 'Painting']"
359,ladyredhorns,"['Abstract art', 'Conceptual art', 'NFT art', 'Nude art', 'Painting', 'Pop art']"
360,hawagri,"['Abstract art', 'Photography']"
361,manekineko,"['Abstract art', 'Digital art', 'NFT art']"
362,reneecampbell,"['Abstract art', 'Photography']"
363,atimtay,"['Abstract art', 'Digital art', 'Light installation', 'Tattoo art']"
364,artsybolivian,"['Abstract art', 'Calligraphy', 'Conceptual art', 'Copywriting', 'Curator', 'Digital art', 'Illustration', 'NFT art', 'Painting', 'Writing']"
365,eloise,"['Abstract art', 'Digital art', 'NFT art', 'Photography']"
366,rishehri,"['Abstract art', 'Drawing', 'NFT art', 'Painting']"
367,marvin,"['Abstract art', 'Collage', 'Curator', 'Digital art', 'Graphic design', 'NFT art', 'Painting', 'Photography', 'Pop art']"
368,sketchpoetic,"['Abstract art', 'Conceptual art', 'Drawing', 'Illustration']"
369,camilleroux,"['Abstract art', 'Digital art', 'NFT art']"
370,missmojo,"['Abstract art', 'Collage', 'Conceptual art', 'Digital art', 'Graphic design', 'Illustration', 'NFT art', 'Painting', 'Photography']"
371,tuco,"['Abstract art', 'Body art', 'Conceptual art', 'Digital art', 'Drawing', 'NFT art', 'Photography', 'Screenwriting', 'Street art', 'Writing']"
372,nisamodaresi,['Abstract art']
373,ramilmammadli,['Abstract art']
374,sketchlight,"['Abstract art', 'Conceptual art', 'NFT art', 'Photography']"
375,msi,"['Abstract art', 'Digital art', 'Photography']"
376,oibelart,"['Abstract art', 'Digital art', 'Drawing', 'Graffiti', 'Illustration', 'Mural', 'NFT art', 'Paper', 'Pen', 'Pop art']"
377,karenjerzyk,"['Abstract art', 'Assemblage', 'Conceptual art', 'NFT art', 'Painting', 'Photography', 'Sculpture', 'Stop motion', 'Video art', 'Writing']"
378,ashbstract,['Abstract art']
379,amayzingartistry,"['Abstract art', 'Digital art', 'Drawing', 'Illustration', 'NFT art', 'Painting', 'Paper', 'Pen', 'Photography', 'Pop art']"
380,kismatdeora,"['Abstract art', 'Digital art', 'Illustration']"
381,artbysd,"['Abstract art', 'Photography', 'Poetry']"
382,pixelactivist,"['Abstract art', 'Animation', 'Dance', 'Graphic design', 'NFT art', 'Photography']"
383,arefeh,"['Abstract art', 'Animation', 'Digital art', 'NFT art', 'Painting']"
384,hinaart,"['Abstract art', 'Calligraphy', 'Collage', 'Copywriting', 'Digital art', 'Graphic design', 'Illustration', 'NFT art', 'Resin', 'Sculpture']"
385,vans_cmkro,"['Abstract art', 'Digital art', 'Photography', 'Virtual reality']"
386,mina,"['Abstract art', 'Collage', 'Digital art', 'Drawing', 'Illustration', 'NFT art', 'Nude art', 'Photography']"
387,satan,"['Abstract art', 'Digital art', 'Poetry', 'Pop art']"
388,parksyparks,"['Abstract art', 'Filmmaking', 'NFT art', 'Photography', 'Video art', 'Virtual reality']"
389,gorgani,['Abstract art']
390,b1337,"['Abstract art', 'Conceptual art', 'Digital art', 'Found objects', 'Graphic design', 'Illustration', 'Metal work', 'NFT art', 'Photography', 'Upcycling art']"
391,saeedshnft,"['Abstract art', 'Digital art', 'NFT art']"
392,reyhaneko,"['Abstract art', 'Conceptual art', 'Digital art', 'Drawing', 'Graphic design', 'Illustration', 'Motion design', 'NFT art', 'Painting', 'Pen']"
393,y4si,"['Abstract art', 'Conceptual art', 'Curator', 'Digital art', 'NFT art']"
394,kamandkavand,"['Abstract art', 'Digital art', 'NFT art']"
395,mahsafatemialavi,"['Abstract art', 'Conceptual art', 'Drawing', 'Improvisation', 'NFT art']"
396,iam808999,"['Abstract art', 'Animation', 'Digital art', 'NFT art']"
397,ilham,"['Abstract art', 'Digital art', 'Illustration', 'NFT art']"
398,dorthejoc,['Abstract art']
399,brutaleth,['Abstract art']
400,johnnymemonic,"['Abstract art', 'Digital art', 'Drawing', 'Illustration', 'NFT art', 'Painting', 'Pop art', 'Video art']"
401,baharakkoyun,"['Abstract art', 'Conceptual art', 'Digital art', 'NFT art', 'Photography']"
402,mnopxart,"['Abstract art', 'Collage', 'Digital art', 'Drawing', 'Graphic design', 'Illustration', 'NFT art', 'Photography', 'Printmaking', 'Stop motion']"
403,stevenreman,"['Abstract art', 'Digital art', 'Generative art', 'NFT art']"
404,cosmic,"['Abstract art', 'Conceptual art', 'Digital art', 'NFT art']"
405,ordinaryartist,"['Abstract art', 'Conceptual art', 'Digital art', 'NFT art']"
406,amiraphist,"['Abstract art', 'Collage', 'Conceptual art', 'Graphic design', 'Illustration', 'NFT art']"
407,negin,"['Abstract art', 'Anime', 'Conceptual art', 'Digital art', 'Drawing']"
408,denyz_n_art,"['Abstract art', 'Body art', 'Collage', 'Drawing', 'NFT art', 'Nude art', 'Painting', 'Photography']"
409,kevalthepoet666,"['Acting', 'Conceptual art', 'Poetry', 'Writing']"
410,jordanbayne,"['Acting', 'Filmmaking', 'Screenwriting', 'Video editing']"
411,johnny,"['Acting', 'Photography']"
412,befe,"['Acting', 'Digital art', 'Performance art']"
413,kbigzi,"['Acting', 'Architecture', 'Drawing', 'Eco art', 'Graphic design', 'Illustration', 'NFT art', 'Painting', 'Pen', 'Voice acting']"
414,deekaymotion,"['Animation', 'Digital art', 'Game design', 'Motion design', 'NFT art']"
415,visithra,"['Animation', 'Digital art', 'NFT art', 'Painting', 'Video art']"
416,nocellcoverage,"['Animation', 'Digital art', 'Eco art', 'Photography', 'Video art']"
417,resulertas,"['Animation', 'Digital art', 'Illustration', 'Painting']"
418,totherootz,"['Animation', 'Anime', 'Digital art', 'Illustration', 'NFT art', 'Painting']"
419,icasis,"['Animation', 'Architecture', 'Conceptual art', 'Illustration', 'Installation art', 'NFT art']"
420,karankalra_art,"['Animation', 'Digital art', 'Illustration', 'NFT art', 'Writing']"
421,gingerpotter,"['Animation', 'Conceptual art', 'Curator', 'Digital art', 'Illustration', 'NFT art', 'Painting']"
422,bluugu,"['Animation', 'Conceptual art', 'Illustration']"
423,jaen,"['Animation', 'Conceptual art', 'Digital art', 'Illustration', 'Motion design', 'Music composition', 'NFT art', 'Painting', 'Street art', 'Video art']"
424,leocrane,"['Animation', 'Digital art', 'Drawing', 'Filmmaking', 'Music composition', 'Music production', 'NFT art', 'Nude art', 'Painting', 'Video art']"
425,loredangoo,"['Animation', 'Anime', 'Digital art', 'Illustration', 'NFT art']"
426,giovanicordioli,"['Animation', 'Collage', 'Digital art', 'NFT art', 'Photography']"
427,inforemix,"['Animation', 'Conceptual art', 'Digital art', 'Game design', 'Graphic design', 'Illustration', 'Pop art', 'UI design', 'UX design']"
428,neverfamousartists,"['Animation', 'Digital art', 'Illustration', 'Music composition', 'NFT art', 'Painting', 'Writing']"
429,jerre,"['Animation', 'Digital art', 'Illustration', 'NFT art']"
430,pethol,['Animation']
431,gavinmeeler,"['Animation', 'Digital art', 'Drawing', 'NFT art']"
432,arashlahiji,"['Animation', 'Calligraphy', 'Illustration', 'Installation art', 'NFT art', 'Painting']"
433,georgeboya,"['Animation', 'Collage', 'Illustration']"
434,lauradoodlestoo,"['Animation', 'Digital art', 'Drawing', 'Food sculpting', 'Graphic design', 'Illustration', 'NFT art', 'Painting', 'Photography', 'Poetry']"
435,tonygomez,"['Animation', 'Digital art', 'Drawing', 'Graphic design', 'Illustration', 'NFT art', 'Poetry', 'Printmaking']"
436,ramon_ramirez,"['Animation', 'Digital art', 'Drawing', 'Eco art', 'Illustration', 'Painting']"
437,yasnasketch,"['Animation', 'Digital art', 'Drawing', 'Illustration', 'NFT art', 'Painting']"
438,lil2paint,"['Animation', 'Digital art', 'Drawing', 'Graphic design', 'Illustration', 'NFT art', 'Painting', 'Video art', 'Video editing', 'Virtual reality']"
439,ale_rozan,"['Animation', 'Digital art', 'Drawing', 'NFT art']"
440,naime,"['Animation', 'Filmmaking', 'Game design', 'Illustration', 'NFT art']"
441,fatemeadl,"['Animation', 'Digital art', 'Illustration', 'Motion design', 'NFT art']"
442,lazypinkmemes,"['Animation', 'Copywriting', 'Drawing', 'NFT art', 'Writing']"
443,mahtaabfatemi,"['Animation', 'Conceptual art', 'Illustration', 'Magic and illusion', 'NFT art', 'Painting']"
444,miraruido,"['Animation', 'Collage', 'Digital art', 'Motion design', 'NFT art']"
445,mehrabi,"['Animation', 'Anime', 'Digital art', 'Illustration', 'NFT art']"
446,microbians,"['Animation', 'Anime', 'Collage', 'Drawing', 'Graffiti', 'Illustration', 'Motion design', 'Music composition', 'NFT art', 'Street art']"
447,bubaviedma,"['Animation', 'Illustration']"
448,bayraktaremre2,"['Animation', 'Illustration']"
449,jamal_mpd,"['Animation', 'Digital art', 'Drawing', 'Graphic design', 'NFT art']"
450,zuluink,"['Animation', 'Collage', 'Filmmaking', 'NFT art']"
451,jordigandul,"['Animation', 'Digital art', 'Illustration']"
452,waleedshah,"['Animation', 'Conceptual art', 'Fashion', 'Music composition', 'Music production', 'NFT art', 'Nude art', 'Photography', 'Video art', 'Videography']"
453,weirdone,"['Animation', 'Digital art', 'NFT art']"
454,empresstrash,"['Animation', 'Video art']"
455,namirai,"['Animation', 'Digital art', 'Drawing', 'NFT art', 'Painting', 'Video art', 'Video editing']"
456,scizors,"['Animation', 'Digital art', 'Photography']"
457,yasna,"['Animation', 'Conceptual art', 'Drawing', 'Fashion', 'Game design', 'Illustration', 'NFT art', 'Tattoo art']"
458,razmard,"['Animation', 'Illustration', 'Motion design', 'Music composition', 'Music production', 'Video art']"
459,kaveh,"['Animation', 'Digital art', 'NFT art', 'Pop art']"
460,majesty88,"['Animation', 'Illustration']"
461,delusionanima,"['Animation', 'Digital art']"
462,ponpop,"['Animation', 'Anime', 'Digital art', 'Filmmaking', 'Illustration', 'NFT art', 'Pop art']"
463,kimkangkung,"['Animation', 'Digital art', 'Illustration', 'NFT art']"
464,fatimabrz,"['Animation', 'Anime', 'Body art']"
465,nkrasnovajr,"['Animation', 'Digital art', 'Drawing', 'Illustration', 'Land art', 'NFT art', 'Painting', 'Video art']"
466,kristofer_robins,"['Animation', 'Digital art', 'Drawing', 'NFT art']"
467,nicolasdavis,"['Animation', 'Photography']"
468,mamaralic,"['Animation', 'Digital art', 'Painting', 'Photography']"
469,redhouse_art,"['Animation', 'Anime', 'Conceptual art', 'Curator', 'Digital art', 'Drawing', 'Illustration', 'NFT art']"
470,yellowbird,"['Animation', 'Collage', 'Dance', 'Illustration']"
471,moonzi,"['Animation', 'Digital art', 'Drawing', 'Illustration', 'NFT art', 'Painting']"
472,micca,"['Animation', 'Photography']"
473,quantum,"['Animation', 'Conceptual art', 'Graphic design', 'Illustration', 'NFT art', 'Photography', 'Video art']"
474,keziai,"['Animation', 'Conceptual art', 'Dance', 'Digital art', 'Filmmaking', 'Photography']"
475,narmanom,"['Animation', 'Digital art', 'Drawing', 'Illustration', 'NFT art', 'Painting']"
476,hyperspek,"['Animation', 'Collage', 'Digital art', 'Fashion', 'NFT art', 'Video art']"
477,sanderjansenart,"['Animation', 'Digital art']"
478,f9artist_,"['Animation', 'Digital art', 'Graphic design', 'Illustration', 'NFT art']"
479,narges,"['Animation', 'Illustration']"
480,alwayssunny,"['Animation', 'Drawing', 'Illustration', 'Painting']"
481,freemann,"['Animation', 'Digital art', 'Illustration', 'Motion design', 'NFT art']"
482,iardnonz,"['Animation', 'Digital art', 'Motion design']"
483,edgestretching,"['Animation', 'Digital art', 'Photography', 'Video art']"
484,matiliart,"['Animation', 'Collage', 'Graphic design', 'Illustration', 'NFT art', 'Pop art']"
485,antwoman,"['Animation', 'Conceptual art', 'Digital art', 'Video art']"
486,railaiter,"['Animation', 'Digital art', 'Illustration', 'NFT art']"
487,immortality00,"['Animation', 'Body art', 'Conceptual art', 'Dance', 'Digital art', 'Filmmaking', 'Nude art', 'Photography', 'Video editing', 'Videography']"
488,pixelprofix,"['Animation', 'Digital art', 'NFT art']"
489,ranamansourvar,"['Animation', 'NFT art', 'Photography', 'Poetry', 'Stop motion', 'Video editing']"
490,viorika_art,"['Animation', 'Digital art', 'NFT art']"
491,shirin,"['Animation', 'Digital art', 'Drawing']"
492,shahparism,"['Animation', 'Digital art', 'Drawing', 'Painting', 'Performance art', 'Photography']"
493,dosir,"['Animation', 'Digital art', 'Graffiti']"
494,griff,"['Animation', 'Digital art', 'Drawing', 'Illustration', 'Music composition', 'Pop art', 'Writing']"
495,eileen,"['Animation', 'Digital art', 'Illustration']"
496,e_m_i,"['Animation', 'Collage', 'NFT art', 'Painting', 'Photography', 'Pop art', 'Resin']"
497,ellart,"['Animation', 'Conceptual art', 'Digital art', 'Fashion', 'Illustration']"
498,zahraa_artlover,"['Animation', 'Illustration', 'Photography']"
499,teresamelvin,"['Animation', 'Digital art', 'Drawing', 'Illustration', 'Motion design', 'NFT art', 'Painting', 'Paper', 'Pen']"
500,mariozer,"['Animation', 'DJing', 'Drawing', 'NFT art', 'Painting']"
501,jaladat,"['Animation', 'Collage', 'Conceptual art', 'Graphic design', 'Photography', 'Videography']"
502,basumo,"['Animation', 'Conceptual art', 'Digital art', 'Illustration', 'Mural']"
503,hopi,"['Animation', 'Collage', 'Digital art', 'NFT art', 'Pop art']"
504,marmarsiyadat,"['Animation', 'Digital art', 'Drawing', 'Graphic design', 'Illustration', 'Painting']"
505,fatima,"['Animation', 'Digital art', 'Illustration']"
506,tomba,"['Animation', 'Photography', 'Stop motion']"
507,raquelcasilda,"['Anime', 'Digital art', 'Illustration', 'Painting']"
508,ataher33,"['Anime', 'Digital art', 'Illustration']"
509,looonalou,"['Anime', 'Digital art', 'Illustration', 'NFT art']"
510,roost,"['Anime', 'Digital art', 'Drawing', 'Illustration', 'Mangaka', 'NFT art']"
511,thehiddenwalls,"['Anime', 'Digital art', 'Illustration', 'Pen']"
512,bennyj504,"['Anime', 'Digital art', 'NFT art', 'Video art']"
513,magicalords,"['Anime', 'Collage', 'Conceptual art', 'Digital art', 'Illustration', 'Magic and illusion', 'NFT art', 'Sand sculpture', 'Sculpture', 'Writing']"
514,aesthetint,['Anime']
515,hamzaartistry,"['Anime', 'Digital art']"
516,wafu,"['Anime', 'Digital art', 'Illustration']"
517,mameedoll,['Anime']
518,salar,"['Anime', 'Conceptual art', 'Fashion', 'Video art', 'Writing']"
519,ariandarbandi,"['Anime', 'Digital art', 'Drawing', 'Illustration', 'NFT art', 'Painting']"
520,hele,"['Anime', 'Collage', 'Digital art', 'Fashion', 'Illustration', 'Industrial design', 'NFT art', 'Nude art', 'Painting', 'Writing']"
521,sapphireroy,"['Anime', 'Collage', 'Illustration']"
522,ladanart,"['Anime', 'Digital art', 'Drawing', 'Illustration', 'NFT art', 'Painting']"
523,yomi,"['Anime', 'Conceptual art', 'Digital art', 'Illustration', 'Painting']"
524,vj,"['Architecture', 'Conceptual art', 'Digital art']"
525,eur42,['Architecture']
526,nedo,['Architecture']
527,edivizitrex,"['Architecture', 'Conceptual art', 'Digital art', 'NFT art']"
528,nikeghbali,['Architecture']
529,nomadicash77,"['Architecture', 'NFT art', 'Photography']"
530,bahar_psh,"['Architecture', 'NFT art', 'Painting']"
531,jassi,"['Architecture', 'Fashion', 'Filmmaking', 'NFT art', 'Nude art', 'Photography', 'Social media content']"
532,thesolorover,"['Architecture', 'Photography', 'Video art']"
533,mysteriovision,"['Architecture', 'Collage', 'Conceptual art', 'Digital art', 'Illustration', 'Interior design', 'Painting', 'Virtual reality']"
534,dorinphotograph,"['Body art', 'NFT art', 'Nude art', 'Photography']"
535,orb,"['Body art', 'Installation art', 'Nude art', 'Performance art', 'Photography']"
536,fedebianchi,"['Body art', 'Music composition', 'NFT art', 'Nude art', 'Photography', 'Video art']"
537,shinujohn_,"['Body art', 'Conceptual art', 'Digital art', 'Illustration', 'Painting', 'Photography']"
538,penrisotoudeh,"['Body art', 'Drawing', 'Painting', 'Pop art']"
539,dreamer_mind,"['Body art', 'Conceptual art', 'Digital art', 'NFT art', 'Nude art']"
540,basirat,"['Body art', 'Drawing']"
541,rahamiouw,"['Body art', 'Conceptual art', 'Digital art', 'Drawing', 'Fashion', 'Illustration', 'NFT art', 'Nude art', 'Tattoo art']"
542,elikart,"['Calligraphy', 'Eco art', 'Graphic design', 'Illustration', 'NFT art']"
543,diaallam,['Calligraphy']
544,jacque,"['Calligraphy', 'Curator', 'Digital art', 'NFT art', 'Painting', 'Paper', 'Performance art', 'Photography', 'Poetry', 'Voice acting']"
545,nastaran1361,"['Calligraphy', 'NFT art', 'Painting']"
546,nftdigitalist,"['Calligraphy', 'Conceptual art', 'Digital art', 'Drawing', 'Graphic design', 'NFT art', 'Nude art', 'Painting']"
547,rostami,"['Calligraphy', 'Digital art', 'Painting']"
548,bebe,['Calligraphy']
549,soheilaartist,['Calligraphy']
550,themohsen,['Calligraphy']
551,zahra,"['Calligraphy', 'Digital art', 'NFT art']"
552,randomflo,['Collage']
553,nimaleophotos,"['Collage', 'NFT art', 'Photography']"
554,slimesunday,['Collage']
555,zii,"['Collage', 'Conceptual art', 'Digital art', 'Magic and illusion', 'NFT art', 'Painting']"
556,farnazdashti,"['Collage', 'Conceptual art']"
557,al_rum,"['Collage', 'Conceptual art', 'Digital art', 'Illustration', 'Installation art', 'NFT art', 'Painting']"
558,lucy8owls,"['Collage', 'Conceptual art', 'Mural', 'NFT art', 'Painting', 'Videography']"
559,madebygdirons,"['Collage', 'Digital art', 'Graffiti', 'NFT art', 'Photography', 'Pop art', 'Street art']"
560,nahid,"['Collage', 'Digital art']"
561,baharlooei,"['Collage', 'Digital art', 'NFT art', 'Photography', 'Sound engineering', 'Video art', 'Video editing']"
562,tarahsh,"['Collage', 'Conceptual art', 'Digital art', 'NFT art']"
563,razimhmd,"['Collage', 'Digital art', 'Drawing', 'Painting', 'Paper']"
564,neduand,['Collage']
565,aminhayeri,"['Collage', 'Conceptual art', 'Digital art', 'Illustration', 'Land art', 'NFT art', 'Paper', 'Photography', 'Pottery and ceramics', 'UI design']"
566,pic,"['Collage', 'Digital art', 'Photography']"
567,beantart,"['Collage', 'Digital art', 'Drawing', 'NFT art', 'Painting']"
568,seendollf,['Collage']
569,itsbb,"['Collage', 'Digital art', 'NFT art', 'Nude art', 'Painting']"
570,kunstloch,"['Collage', 'Digital art', 'NFT art']"
571,katalina_ooma,"['Collage', 'Digital art', 'Drawing', 'Fashion', 'Graphic design', 'Illustration', 'NFT art', 'Video art']"
572,yedai,"['Collage', 'Digital art', 'NFT art']"
573,crownandpalette,"['Collage', 'Conceptual art', 'Digital art', 'Modelling']"
574,jeffrolandmagic,"['Collage', 'Curator', 'Digital art', 'Drawing', 'Illustration', 'NFT art', 'Painting', 'Street art', 'Writing']"
575,niccolocasas,"['Collage', 'Digital art', 'Photography']"
576,wondermundo,"['Collage', 'Digital art', 'NFT art', 'Pop art']"
577,saeideart,"['Collage', 'Conceptual art', 'Digital art', 'Drawing', 'Illustration', 'Motion design', 'NFT art', 'Painting', 'Paper', 'Printmaking']"
578,emaweirdd,"['Collage', 'Conceptual art', 'Digital art', 'NFT art']"
579,illusion,"['Collage', 'Digital art']"
580,raad_artwork,"['Collage', 'Digital art']"
581,shahriarhamekhani,"['Collage', 'Digital art', 'Drawing', 'Illustration', 'NFT art', 'Painting', 'Pop art']"
582,larryhopewell23,"['Collage', 'Digital art', 'Photography']"
583,nonagraph,"['Collage', 'Digital art', 'Illustration', 'NFT art', 'Photography']"
584,minas_sanim,"['Collage', 'Digital art', 'Drawing', 'Illustration', 'NFT art', 'Paper']"
585,sinadali,"['Collage', 'Digital art', 'Drawing', 'Social media content', 'UI design', 'UX design']"
586,joncaptures,"['Collage', 'NFT art', 'Photography']"
587,ashmode,"['Collage', 'Conceptual art', 'Digital art', 'Drawing', 'Illustration', 'Painting', 'Pen', 'Photography', 'Social media content']"
588,agrebeshkova,"['Collage', 'Conceptual art', 'NFT art', 'Nude art', 'Photography']"
589,apolloart,"['Collage', 'Digital art']"
590,tareghart,"['Collage', 'Dance', 'Digital art', 'NFT art']"
591,farah,"['Collage', 'Digital art', 'Graphic design', 'NFT art', 'Painting', 'Street art', 'Video art']"
592,eisa,"['Collage', 'NFT art', 'Photography']"
593,sol,"['Collage', 'Conceptual art', 'Digital art', 'Illustration', 'Painting']"
594,dheeraj,"['Conceptual art', 'NFT art', 'Photography', 'Printmaking']"
595,thecreep,"['Conceptual art', 'Digital art', 'Illustration', 'Modelling', 'NFT art', 'Virtual reality']"
596,baber,"['Conceptual art', 'Digital art', 'Digital art', 'Photography', 'Video art', 'Video editing']"
597,choenlee,"['Conceptual art', 'Digital art', 'Digital art', 'Drawing', 'Illustration', 'Photography']"
598,ambidextrous_nude,['Conceptual art']
599,daisatj,"['Conceptual art', 'Nude art', 'Photography']"
600,anubis,"['Conceptual art', 'Curator', 'Digital art', 'Drawing', 'Found objects', 'Painting']"
601,corina,"['Conceptual art', 'Digital art', 'Eco art', 'Installation art', 'NFT art', 'Video art']"
602,andredimauro,"['Conceptual art', 'Digital art', 'Filmmaking', 'Graffiti', 'Installation art', 'NFT art', 'Painting', 'Photography', 'Street art']"
603,scarlettdrian,"['Conceptual art', 'Digital art', 'Drawing', 'Illustration', 'NFT art']"
604,nunleyart,['Conceptual art']
605,nuvolanevicata,"['Conceptual art', 'Illustration', 'NFT art', 'Painting']"
606,abcdj,['Conceptual art']
607,pedrovictor,"['Conceptual art', 'Digital art', 'Filmmaking', 'Photography']"
608,aida_studios,"['Conceptual art', 'NFT art', 'Nude art', 'Paper', 'Photography', 'Poetry', 'Writing']"
609,mahsafzr,"['Conceptual art', 'Digital art', 'NFT art', 'Painting']"
610,deftony,"['Conceptual art', 'NFT art', 'Photography']"
611,elhamjafari,"['Conceptual art', 'Drawing', 'NFT art', 'Painting', 'Sculpture']"
612,houri,"['Conceptual art', 'Digital art', 'NFT art']"
613,asra_khani,"['Conceptual art', 'Digital art', 'Graphic design', 'Light installation', 'NFT art', 'Painting']"
614,visheh,"['Conceptual art', 'Dance', 'Digital art', 'Installation art', 'Painting', 'Performance art', 'Photography', 'Video art']"
615,samaart,"['Conceptual art', 'Digital art', 'Drawing', 'Illustration', 'NFT art', 'Painting']"
616,omarvaldesart,"['Conceptual art', 'Drawing', 'NFT art', 'Painting', 'Photography', 'Video art']"
617,hana,"['Conceptual art', 'Illustration', 'NFT art', 'Painting']"
618,ilia_nftizer,"['Conceptual art', 'Digital art', 'Graphic design', 'Illustration']"
619,anaisabel,"['Conceptual art', 'Curator', 'Digital art', 'Fashion', 'Photography', 'Poetry', 'Writing']"
620,epr,"['Conceptual art', 'Curator', 'Digital art', 'NFT art', 'Writing']"
621,yones,"['Conceptual art', 'NFT art', 'Photography']"
622,pixlosopher,"['Conceptual art', 'Copywriting', 'Digital art', 'Graphic design', 'Industrial design', 'Music composition', 'NFT art', 'Poetry', 'Video art', 'Writing']"
623,hamideh,"['Conceptual art', 'Curator', 'Digital art', 'Drawing', 'NFT art', 'Nude art', 'Video art']"
624,lindakristiansen,"['Conceptual art', 'Digital art', 'Photography']"
625,anzart,"['Conceptual art', 'Digital art', 'Drawing', 'Illustration', 'NFT art', 'Painting']"
626,khadeeize,"['Conceptual art', 'Digital art', 'Illustration', 'NFT art', 'Photography', 'Poetry', 'Writing']"
627,gilda,['Conceptual art']
628,papertowelgraveyard,"['Conceptual art', 'NFT art', 'Photography', 'Video art']"
629,rj,"['Conceptual art', 'Illustration', 'NFT art', 'Painting']"
630,ohhungryartist,"['Conceptual art', 'Digital art', 'NFT art', 'Painting']"
631,soliiiart,"['Conceptual art', 'Digital art', 'Graphic design', 'Illustration', 'Painting']"
632,vasiawow,"['Conceptual art', 'Digital art', 'NFT art']"
633,martyan,"['Conceptual art', 'Filmmaking', 'Nude art', 'Photography', 'Street dance', 'Video art']"
634,christianedahu,"['Conceptual art', 'NFT art', 'Nude art', 'Performance art', 'Photography']"
635,mousavi,"['Conceptual art', 'Digital art', 'Drawing']"
636,nazima,"['Conceptual art', 'Digital art', 'NFT art', 'Nude art', 'Photography']"
637,mariafynsknorup,"['Conceptual art', 'Nude art', 'Performance art', 'Photography', 'Video art']"
638,disemino,"['Conceptual art', 'Digital art', 'Graphic design', 'Installation art', 'NFT art', 'Painting', 'Photography', 'Tattoo art']"
639,dorukseymen,"['Conceptual art', 'Filmmaking', 'Photography']"
640,annakevrel,"['Conceptual art', 'Digital art', 'NFT art', 'Photography']"
641,p0ng,"['Conceptual art', 'Digital art', 'Glassblowing', 'Metal work', 'NFT art', 'Sculpture', 'Video art']"
642,thefoodmaster,"['Conceptual art', 'Digital art', 'Food styling', 'NFT art', 'Painting', 'Photography']"
643,ella,"['Conceptual art', 'Curator', 'Photography', 'Printmaking']"
644,patricksartz,"['Conceptual art', 'Digital art', 'Graphic design', 'NFT art', 'Painting', 'Poetry', 'Video editing']"
645,romainiti,"['Conceptual art', 'Digital art', 'NFT art', 'Writing']"
646,keyvannazifi,['Conceptual art']
647,cpadronart,"['Conceptual art', 'NFT art', 'Photography']"
648,amiirshafii,['Conceptual art']
649,gebelia,"['Conceptual art', 'Digital art', 'Illustration', 'NFT art']"
650,art,"['Conceptual art', 'Painting']"
651,m_shoart,"['Conceptual art', 'Drawing', 'Illustration', 'NFT art', 'Nude art', 'Painting']"
652,pishrofarnaz,['Conceptual art']
653,amorphous,"['Conceptual art', 'Digital art', 'NFT art']"
654,shurooqamin,"['Conceptual art', 'Curator', 'Installation art', 'NFT art', 'Painting', 'Pen', 'Poetry']"
655,spring,"['Conceptual art', 'Digital art', 'NFT art']"
656,ellla,"['Conceptual art', 'Digital art', 'Fashion', 'NFT art', 'Poetry']"
657,sashelka,"['Conceptual art', 'Digital art', 'Drawing', 'Illustration', 'NFT art', 'Painting', 'Photography', 'Poetry']"
658,ranmaronft,"['Copywriting', 'Digital art', 'NFT art', 'Social media content', 'Video art', 'Writing']"
659,riri_lotusqueen,"['Copywriting', 'Curator', 'Dance', 'Digital art', 'NFT art', 'Painting', 'Pottery and ceramics', 'Social media content', 'Writing']"
660,terriblyexcited,"['Copywriting', 'Dance', 'Drawing', 'Graphic design', 'Illustration', 'NFT art', 'Performance art', 'Social media content', 'Voice acting', 'Writing']"
661,graciaepifania,"['Curator', 'Digital art', 'Drawing', 'NFT art', 'Nude art', 'Painting']"
662,fercaggiano,"['Curator', 'Digital art', 'Mural', 'NFT art', 'Nude art', 'Painting', 'Photography']"
663,robevansart,"['Curator', 'Digital art', 'Drawing', 'NFT art', 'Painting', 'Printmaking']"
664,aoifeodwyer,"['Curator', 'Digital art', 'Graphic design', 'Illustration', 'NFT art', 'UI design']"
665,wildalps,"['Curator', 'Digital art', 'Photography', 'Poetry', 'Singing', 'Videography']"
666,keyrun,"['Curator', 'Digital art', 'NFT art']"
667,nevzatyildirim,"['Curator', 'NFT art', 'Photography']"
668,eirrann,"['Curator', 'Digital art', 'NFT art', 'Photography', 'Video art', 'Writing']"
669,borna,"['Curator', 'Digital art', 'NFT art', 'Photography']"
670,dancevatar,"['Dance', 'Digital art', 'Improvisation', 'Installation art', 'NFT art', 'Performance art', 'Photography', 'Video art', 'Video editing']"
671,ericpare,"['Dance', 'Photography']"
672,zedriix,"['Dance', 'NFT art', 'Painting', 'Performance art', 'Photography', 'Street dance', 'Videography']"
673,xeyrenda,"['Dance', 'Nude art', 'Photography']"
674,mubblegum,"['Digital art', 'NFT art', 'Painting']"
675,nora_kartas,"['Digital art', 'Illustration', 'NFT art']"
676,acidiced,"['Digital art', 'Graphic design']"
677,kristel,"['Digital art', 'Painting']"
678,dpart,['Digital art']
679,artbyktk,"['Digital art', 'Graphic design']"
680,muratsayginer,['Digital art']
681,laurahesp,"['Digital art', 'Graphic design', 'Installation art', 'Nude art', 'Painting', 'Sculpture']"
682,betlis,"['Digital art', 'Graphic design', 'NFT art', 'Painting']"
683,benjamin101,"['Digital art', 'Drawing', 'Illustration', 'NFT art']"
684,tolunay,['Digital art']
685,harsha,['Digital art']
686,nikxname,"['Digital art', 'Painting']"
687,bykellymcd,"['Digital art', 'NFT art', 'Painting', 'Pop art', 'Video art']"
688,thegameworld,"['Digital art', 'Illustration', 'NFT art', 'Painting']"
689,mirart,"['Digital art', 'Illustration', 'NFT art', 'Painting']"
690,weshenryart,['Digital art']
691,kavl_h,['Digital art']
692,mysticrose,"['Digital art', 'NFT art', 'Nude art', 'Painting']"
693,mrym_nftart,"['Digital art', 'Illustration', 'Painting']"
694,jecascrble729,"['Digital art', 'Drawing', 'Illustration']"
695,spiraleye,"['Digital art', 'NFT art', 'Photography']"
696,chabeli_farro,"['Digital art', 'Illustration', 'NFT art']"
697,xtrangeartist,['Digital art']
698,emi,['Digital art']
699,frankachon,['Digital art']
700,aria,['Digital art']
701,harsh,['Digital art']
702,yamraj,"['Digital art', 'Filmmaking', 'Photography']"
703,muratsuphi,"['Digital art', 'Digital art']"
704,wshuwrehere,"['Digital art', 'Digital art', 'NFT art', 'Painting']"
705,guruguruhyena,"['Digital art', 'Digital art']"
706,mrrichi,"['Digital art', 'Digital art', 'Illustration', 'NFT art', 'Pop art', 'Street art']"
707,hugoraphy,"['Digital art', 'Digital art', 'NFT art', 'Photography']"
708,kat1212,['Digital art']
709,minotaur_man,"['Digital art', 'Painting']"
710,arya_wirawan,"['Digital art', 'Illustration', 'NFT art']"
711,guraliucc,"['Digital art', 'Illustration', 'NFT art', 'Nude art', 'Photography']"
712,zhannetpodobed,['Digital art']
713,pablorojas,"['Digital art', 'Illustration', 'Painting', 'Printmaking']"
714,blissofart,['Digital art']
715,kridhan,"['Digital art', 'Illustration', 'NFT art']"
716,anicxrn,['Digital art']
717,tangled_diva,['Digital art']
718,farrah,"['Digital art', 'NFT art', 'Photography']"
719,graphicurve,"['Digital art', 'Illustration']"
720,vimalchandran,"['Digital art', 'Filmmaking', 'Illustration', 'Photography']"
721,portfolio,"['Digital art', 'Music production', 'NFT art', 'UX design']"
722,yekta,['Digital art']
723,takjoo,"['Digital art', 'Illustration', 'Painting']"
724,map,"['Digital art', 'NFT art']"
725,safajoo,"['Digital art', 'Drawing', 'Mural', 'NFT art', 'Painting']"
726,izzzi,['Digital art']
727,demon,"['Digital art', 'Painting']"
728,seray,['Digital art']
729,beam,"['Digital art', 'Drawing', 'Illustration', 'NFT art', 'Painting']"
730,youngkevarts,"['Digital art', 'Illustration', 'NFT art']"
731,adacrow,"['Digital art', 'Photography']"
732,annadart,"['Digital art', 'Painting']"
733,rooyart,"['Digital art', 'Drawing', 'Illustration', 'NFT art', 'Painting']"
734,navzarte07,"['Digital art', 'Illustration', 'NFT art']"
735,iamkeegan,"['Digital art', 'Illustration', 'Magic and illusion', 'NFT art', 'Video art']"
736,factory2x,"['Digital art', 'Illustration']"
737,matt,"['Digital art', 'Filmmaking', 'Photography']"
738,dariaelshiner,"['Digital art', 'Drawing', 'NFT art', 'Nude art', 'Painting']"
739,r0yart,"['Digital art', 'Illustration', 'NFT art', 'Nude art']"
740,ever4kurious,['Digital art']
741,joellelb,"['Digital art', 'NFT art', 'Photography']"
742,mahdidrv,"['Digital art', 'NFT art', 'Product design', 'UI design', 'UX design']"
743,nastaranartmix,"['Digital art', 'Drawing', 'NFT art', 'Painting', 'Photography']"
744,shadi,['Digital art']
745,narciss369,"['Digital art', 'Drawing', 'Illustration', 'NFT art', 'Painting']"
746,basteteth,['Digital art']
747,minazall,['Digital art']
748,clarevonsavage,"['Digital art', 'Tattoo art']"
749,karsaz,['Digital art']
750,mahsan,"['Digital art', 'Illustration', 'Painting']"
751,masoumeh,"['Digital art', 'Drawing', 'Illustration', 'Painting']"
752,mahsase,"['Digital art', 'NFT art']"
753,negarghorbani,['Digital art']
754,mariam_aghaee,"['Digital art', 'Painting', 'Photography']"
755,saharjafari,"['Digital art', 'Illustration']"
756,maryart,"['Digital art', 'Illustration', 'Painting']"
757,jrcasas,"['Digital art', 'Drawing', 'Illustration']"
758,neginrbb,"['Digital art', 'Illustration', 'NFT art']"
759,solum,['Digital art']
760,moonpieart,['Digital art']
761,parhamrezvani,"['Digital art', 'Fashion', 'Modelling', 'NFT art']"
762,aria_arefi,"['Digital art', 'NFT art', 'Painting', 'Writing']"
763,aissa,"['Digital art', 'Installation art', 'Painting', 'Video art']"
764,visu_ai_poetry,"['Digital art', 'Filmmaking', 'NFT art', 'Photography', 'Video art']"
765,denyscano,"['Digital art', 'Photography']"
766,advay,"['Digital art', 'Drawing', 'Illustration']"
767,teexels,"['Digital art', 'Graphic design', 'NFT art', 'Photography', 'Video editing', 'Videography']"
768,sade,"['Digital art', 'Graphic design', 'Illustration']"
769,elifractalism,['Digital art']
770,farzaneh_art,"['Digital art', 'NFT art', 'Painting']"
771,maho,"['Digital art', 'Drawing', 'Music composition', 'NFT art', 'Painting', 'Sound engineering']"
772,mikayiala,"['Digital art', 'Drawing', 'Illustration', 'NFT art', 'Paper', 'Pen']"
773,mathout,['Digital art']
774,pixelman_arts,"['Digital art', 'NFT art']"
775,kgkh_art,['Digital art']
776,soulless,['Digital art']
777,ballzerino,"['Digital art', 'Illustration', 'NFT art']"
778,doctorg,"['Digital art', 'Drawing', 'Graffiti', 'NFT art']"
779,resetnft,"['Digital art', 'NFT art']"
780,saharnrahimi,['Digital art']
781,nfthedgehog,"['Digital art', 'NFT art', 'Video art']"
782,nuclearsamurai,['Digital art']
783,faezehrahimi,"['Digital art', 'NFT art', 'Photography']"
784,historic_crypto,['Digital art']
785,sanam_artistic,"['Digital art', 'Painting']"
786,sirvanhamidi,"['Digital art', 'Graphic design', 'Illustration', 'Motion design', 'NFT art', 'Photography']"
787,sariraa,['Digital art']
788,lemoon,"['Digital art', 'Filmmaking', 'NFT art', 'Photography', 'Video art', 'Videography']"
789,mariya,"['Digital art', 'Painting']"
790,cubes,"['Digital art', 'NFT art']"
791,carity,"['Digital art', 'Photography']"
792,nuwanshilpa,"['Digital art', 'Graphic design', 'Illustration', 'NFT art', 'Video art']"
793,pegah,['Digital art']
794,carlos28355,['Digital art']
795,pariisart,"['Digital art', 'Drawing', 'Graphic design', 'Illustration', 'NFT art', 'Painting']"
796,pigrasso,['Digital art']
797,silkywayart,"['Digital art', 'NFT art', 'Photography']"
798,nas,"['Digital art', 'Illustration', 'Painting']"
799,gio_masia_art,"['Digital art', 'Drawing', 'Graphic design', 'NFT art']"
800,saber,"['Digital art', 'Illustration']"
801,ethereal_gwirl,"['Digital art', 'NFT art']"
802,faavidel,"['Digital art', 'Interior design', 'Motion design', 'NFT art', 'Product design', 'Video art', 'Writing']"
803,anastasiiagil,"['Digital art', 'Drawing', 'Illustration']"
804,polza,"['Digital art', 'NFT art', 'Photography']"
805,amydoodles,['Digital art']
806,gulyildiz,"['Digital art', 'Illustration', 'Photography']"
807,terri_moon,"['Digital art', 'NFT art']"
808,grd,"['Digital art', 'Illustration', 'NFT art']"
809,brilliantart,['Digital art']
810,dress_n_draw,"['Digital art', 'Photography']"
811,drawsbymv,"['Digital art', 'Drawing', 'Illustration', 'NFT art', 'Nude art', 'Poetry', 'Writing']"
812,paulmoonphotos,"['Digital art', 'Photography']"
813,sabaart90,"['Digital art', 'Drawing', 'Illustration', 'Installation art', 'NFT art', 'Painting']"
814,houseofthereseb,"['Digital art', 'Filmmaking', 'Photography', 'Video art']"
815,rezania,"['Digital art', 'Fashion', 'NFT art', 'Photography']"
816,ziiii_ziiii,['Digital art']
817,thesetareh,"['Digital art', 'Illustration', 'NFT art', 'Painting']"
818,sagedreamer,"['Digital art', 'NFT art']"
819,mandolinaes,"['Digital art', 'Photography', 'Writing']"
820,minapower,"['Digital art', 'Graphic design', 'Illustration', 'NFT art']"
821,drmartin,"['Digital art', 'NFT art', 'Photography']"
822,coinseer,['Digital art']
823,mikita,"['Digital art', 'Drawing', 'NFT art', 'Painting']"
824,ikertje,"['Digital art', 'Graphic design', 'Photography']"
825,numa,"['Digital art', 'Illustration', 'Painting']"
826,dcot,['Digital art']
827,bluchiks,"['Digital art', 'Painting']"
828,fatemeh_illustrations,"['Digital art', 'Drawing', 'Illustration', 'NFT art', 'Painting']"
829,ritalinchild,"['Digital art', 'Drawing', 'Illustration', 'Installation art', 'Music production', 'NFT art']"
830,shambaloo,"['Digital art', 'Illustration', 'NFT art']"
831,m4d_b4c,['Digital art']
832,jota_surreal,['Digital art']
833,kamelia,"['Digital art', 'NFT art', 'Painting', 'Photography']"
834,lili_hzn,"['Digital art', 'Installation art', 'NFT art', 'Painting']"
835,annabell,['Digital art']
836,num1crush,['Digital art']
837,davidulloa,"['Digital art', 'Photography']"
838,zigmarillion,"['Digital art', 'NFT art', 'Photography']"
839,missdew,"['Digital art', 'NFT art']"
840,jahansooz,"['Digital art', 'NFT art', 'Nude art', 'Photography']"
841,virginialori,['Digital art']
842,no_id_known,"['Digital art', 'Graffiti', 'NFT art', 'Poetry', 'Pop art', 'Street art']"
843,alisti,"['Digital art', 'NFT art', 'Nude art', 'Painting']"
844,shayshelbyart,"['Digital art', 'Fashion']"
845,azigalleryinmeta,"['Digital art', 'Drawing', 'Illustration', 'NFT art', 'Painting', 'Pen']"
846,aadrika,['Digital art']
847,mohammadfadaie,['Digital art']
848,kazakovaarts,"['Digital art', 'Illustration', 'NFT art', 'Painting']"
849,saeedshmhmdi,"['Digital art', 'NFT art', 'Painting']"
850,baran,['Digital art']
851,ocean,"['Digital art', 'NFT art', 'Photography']"
852,miladsoli,"['Digital art', 'Jewellery making', 'NFT art']"
853,manuwilliams,['Digital art']
854,reativeart,['Digital art']
855,niloofar,"['Digital art', 'Illustration', 'NFT art', 'Painting']"
856,g0naji,"['Digital art', 'NFT art']"
857,thewickedhunt,"['Digital art', 'NFT art', 'Photography']"
858,heartwell,"['Digital art', 'Painting']"
859,yako,"['Digital art', 'NFT art', 'Photography', 'Stop motion', 'Video art', 'Video editing', 'Videography']"
860,radin,['Digital art']
861,alexandruchitu,"['Digital art', 'Filmmaking', 'Illustration', 'NFT art', 'Photography', 'Videography']"
862,gianlucapodesta,"['Digital art', 'Illustration', 'Land art', 'NFT art', 'Photography']"
863,jsky,['Digital art']
864,sandraacostaart,"['Digital art', 'Drawing', 'Graphic design', 'Illustration', 'NFT art', 'Nude art', 'Painting', 'Paper']"
865,demi_nataly,"['Digital art', 'Illustration', 'NFT art']"
866,barabaraillustration,"['Digital art', 'Drawing', 'Illustration', 'NFT art', 'Painting']"
867,simonebehrsing,['Digital art']
868,mhboub_nft,"['Digital art', 'Illustration']"
869,belisama,"['Digital art', 'NFT art', 'Photography', 'Writing']"
870,jacky,"['Digital art', 'NFT art']"
871,robn2kool,"['Digital art', 'Installation art', 'Music composition', 'Music production', 'NFT art', 'Painting', 'Photography', 'Product design', 'Street art', 'Writing']"
872,alexandrasaula,['Digital art']
873,avaaaaart,"['Digital art', 'Illustration', 'NFT art']"
874,guache,"['Digital art', 'Graffiti', 'Mural', 'NFT art', 'Street art', 'Video art']"
875,omidhassani,"['Digital art', 'Drawing', 'Illustration']"
876,secret,['Digital art']
877,nushinaam,"['Digital art', 'Painting']"
878,banshee,"['Digital art', 'Painting', 'Pop art', 'Street art']"
879,mickmcc_photos,"['Digital art', 'NFT art', 'Photography', 'Social media content']"
880,cletelcharnal,"['Digital art', 'Illustration']"
881,akafoley,"['Digital art', 'Photography']"
882,minakiart,"['Digital art', 'Drawing', 'Illustration', 'NFT art']"
883,madmim,['Digital art']
884,shidow,"['Digital art', 'Illustration', 'Motion design']"
885,haamed,"['Digital art', 'Game design', 'Illustration', 'NFT art', 'Nude art', 'Painting']"
886,marodori_japan,"['Digital art', 'Drawing', 'NFT art', 'Painting']"
887,maryambn88,"['Digital art', 'Illustration', 'NFT art', 'Painting']"
888,ramin_srh1,['Digital art']
889,rezatofan,['Digital art']
890,sandytoes2211,"['Digital art', 'Virtual reality']"
891,anastasianftart,"['Digital art', 'Drawing', 'Illustration']"
892,bitua,"['Digital art', 'Drawing', 'Illustration', 'NFT art', 'Poetry']"
893,grooplar,"['Digital art', 'NFT art']"
894,aidaasoo,"['Digital art', 'Drawing', 'NFT art', 'Photography', 'Video art', 'Video editing']"
895,amorvobiscum,"['Digital art', 'NFT art']"
896,elenart,['Digital art']
897,julbyjuli,"['Digital art', 'NFT art']"
898,knylx,['Digital art']
899,neemart34,['Digital art']
900,gm2us,"['Digital art', 'Graphic design', 'NFT art', 'UI design', 'UX design']"
901,hasibe,"['Digital art', 'Photography']"
902,rob,"['Digital art', 'NFT art', 'Photography']"
903,royamoradkhani,"['Digital art', 'Photography']"
904,saraalizadeh,"['Digital art', 'NFT art', 'Painting']"
905,digitalgyoza,"['Digital art', 'NFT art', 'Video art', 'Writing']"
906,nyleart1,['Digital art']
907,ponselakiva,['Digital art']
908,martintoto,['Digital art']
909,minwjr,['Digital art']
910,doostali,"['Digital art', 'Fashion', 'Illustration']"
911,edurnenaia,"['Digital art', 'NFT art']"
912,jasminangel,"['Digital art', 'Drawing', 'NFT art', 'Painting']"
913,mune,"['Digital art', 'Drawing', 'Painting']"
914,sam,['Digital art']
915,zargol,"['Digital art', 'Illustration', 'NFT art', 'Printmaking']"
916,grohs,"['DJing', 'Graphic design', 'Illustration', 'Nude art', 'Pop art', 'Social media content']"
917,wayne2710,"['Drawing', 'Illustration', 'Nude art']"
918,walkman_world,"['Drawing', 'NFT art', 'Nude art', 'Video art']"
919,sierra,['Drawing']
920,yassermirzaee,"['Drawing', 'Painting']"
921,svosughian,"['Drawing', 'NFT art', 'NFT art', 'Painting']"
922,gaiamusique,"['Drawing', 'Music composition', 'NFT art', 'Singing']"
923,mohadian,"['Drawing', 'Graphic design', 'Illustration', 'NFT art', 'Painting', 'Photography']"
924,munis,"['Drawing', 'NFT art', 'Painting', 'Sculpture']"
925,mehrafarinnsnft,['Drawing']
926,helenelizaart,['Drawing']
927,flolady,"['Drawing', 'Illustration', 'NFT art', 'Painting', 'Poetry']"
928,joaquinrodriguez,"['Drawing', 'Illustration', 'NFT art', 'Pen']"
929,arrasartistic,"['Drawing', 'Illustration', 'NFT art', 'Painting']"
930,shinnoak,['Drawing']
931,paradigmstories,['Drawing']
932,saraazad,"['Drawing', 'NFT art', 'Painting']"
933,karltrewhela,"['Drawing', 'Illustration', 'NFT art', 'Paper', 'Pen']"
934,farshidfeyzi,['Drawing']
935,danielchideraart,['Drawing']
936,ghannadian,"['Drawing', 'Land art', 'NFT art', 'Painting']"
937,phantomthread,"['Drawing', 'Illustration', 'NFT art', 'Painting', 'Paper']"
938,mkamelart,"['Drawing', 'Illustration']"
939,behboud_karimi,"['Drawing', 'Painting']"
940,maryfathi70,"['Drawing', 'Illustration', 'NFT art', 'Painting']"
941,nakisa,"['Drawing', 'Painting']"
942,boredjosei,['Drawing']
943,ladykristinav9,['Drawing']
944,sault_photo,"['Eco art', 'NFT art', 'Photography', 'Videography']"
945,rgbsiah,"['Fashion', 'Illustration']"
946,braincellsinapetridish,"['Fashion', 'Photography', 'Sculpture']"
947,farazdirin,"['Fashion', 'Industrial design', 'Jewellery making', 'Photography']"
948,alfieish,['Fashion']
949,neginsaeid,['Fashion']
950,mehdi_nazeri,"['Filmmaking', 'Photography']"
951,gino,"['Filmmaking', 'Improvisation', 'Music production', 'NFT art', 'Paper', 'Photography', 'Printmaking']"
952,hamidrezart,"['Filmmaking', 'NFT art', 'Photography', 'Writing']"
953,branko,"['Filmmaking', 'NFT art', 'Screenwriting', 'Video art', 'Video editing', 'Videography']"
954,leepengelly,"['Filmmaking', 'Music composition', 'Music production', 'NFT art', 'Photography']"
955,taher_i,"['Filmmaking', 'NFT art', 'Photography', 'Poetry', 'Video art']"
956,nikfarjam,"['Filmmaking', 'Photography']"
957,nabeel,['Generative art']
958,dirty_six,"['Graffiti', 'Graphic design', 'Illustration', 'NFT art', 'Pop art', 'Street art']"
959,fatemeh,"['Graphic design', 'UI design', 'UX design']"
960,dimi3x,['Graphic design']
961,ziraelnft,"['Graphic design', 'NFT art', 'Nude art', 'Painting']"
962,princejorge01,"['Graphic design', 'NFT art', 'Nude art', 'UI design', 'UX design']"
963,hendro,"['Graphic design', 'NFT art', 'Photography']"
964,elhamtehrani,"['Graphic design', 'Illustration', 'NFT art', 'Painting']"
965,tayenkim,['Illustration']
966,giuliotesty,['Illustration']
967,artskooltourist,['Illustration']
968,sonyart,['Illustration']
969,angrylatina,"['Illustration', 'Painting', 'Photography']"
970,sammylewisart,['Illustration']
971,rinna,['Illustration']
972,ptiteangele,"['Illustration', 'Motion design', 'NFT art']"
973,santosa,['Illustration']
974,dgb,['Illustration']
975,rogerhaus,['Illustration']
976,artbygulsen,['Illustration']
977,tinarfz,['Illustration']
978,marcello,"['Illustration', 'NFT art']"
979,thelittleshishi,"['Illustration', 'Painting']"
980,goppie,['Illustration']
981,evveart,"['Illustration', 'NFT art', 'Nude art']"
982,katerineart,['Illustration']
983,willak,"['Illustration', 'NFT art']"
984,amininiloofar,['Illustration']
985,alirezajafari,['Illustration']
986,kazuma,['Illustration']
987,nayyer,['Illustration']
988,musketon,['Illustration']
989,beholdingeye,"['Improvisation', 'Music composition', 'Music production', 'Photography']"
990,frozen,['Improvisation']
991,solovyova,"['Land art', 'NFT art', 'Painting']"
992,abrahanny,"['Modelling', 'NFT art', 'Photography']"
993,bt,['Music composition']
994,cuatroceronueve,"['Music composition', 'NFT art', 'Sound engineering', 'Video art']"
995,dethember8,"['Music composition', 'NFT art']"
996,maxxcasanova,"['Music production', 'Videography']"
997,djuli_art,"['NFT art', 'Nude art', 'Painting']"
998,deconstruct,['NFT art']
999,artnude,"['NFT art', 'Nude art', 'Photography', 'Video art']"
1000,mehdi_benembarek,"['NFT art', 'Photography']"
1001,ashtontekno,"['NFT art', 'Photography', 'Street art']"
1002,teymthebeast,"['NFT art', 'Nude art', 'Photography', 'Printmaking', 'Sculpture', 'Videography', 'Woodwork']"
1003,nahali,"['NFT art', 'Painting']"
1004,farazhabiballahian,"['NFT art', 'Photography', 'Video art', 'Videography']"
1005,kostas_photo,"['NFT art', 'Nude art', 'Photography']"
1006,ardtino,['NFT art']
1007,medy,['NFT art']
1008,shimart_nft,"['NFT art', 'Painting']"
1009,arefniazi,"['NFT art', 'Painting', 'Paper', 'Pen']"
1010,alirexa,"['NFT art', 'Photography']"
1011,parsar2025,['NFT art']
1012,aminpanahi90,"['NFT art', 'Painting', 'Pen']"
1013,saeidphoto,"['NFT art', 'Photography']"
1014,naqi,"['NFT art', 'Painting']"
1015,aydasalamii,['NFT art']
1016,sajifall,"['NFT art', 'Photography']"
1017,highnessy,"['NFT art', 'Photography']"
1018,claireujma,"['NFT art', 'Photography']"
1019,happyshima,['NFT art']
1020,ritchiesacra,"['NFT art', 'Photography', 'Screenwriting', 'Writing']"
1021,narminshahriar,"['NFT art', 'Painting', 'Photography']"
1022,elishams,['NFT art']
1023,emmasamuel,"['NFT art', 'Photography']"
1024,coralinesaidso,['NFT art']
1025,genieve,['NFT art']
1026,jasonophoto,"['NFT art', 'Photography', 'Writing']"
1027,barmyfurugh,"['NFT art', 'Photography']"
1028,captainkimi,"['NFT art', 'Photography']"
1029,karen_medinaart,['NFT art']
1030,seoulman,"['NFT art', 'Photography']"
1031,tobahc,['NFT art']
1032,eclectika,['NFT art']
1033,freaklandmamma,['NFT art']
1034,sajin,"['NFT art', 'Photography']"
1035,the_art_of_haiku_collection,"['NFT art', 'Poetry']"
1036,eanftity,"['NFT art', 'Woodwork']"
1037,nillgraphic,['NFT art']
1038,celalettin,['NFT art']
1039,dolores2850,['NFT art']
1040,maenadart,['NFT art']
1041,chrissforte,"['NFT art', 'Nude art', 'Photography']"
1042,cr24ti7e,['NFT art']
1043,southernfried,['NFT art']
1044,redforest,"['NFT art', 'Photography']"
1045,kmnchkk,"['NFT art', 'Nude art', 'Photography', 'Videography']"
1046,brijessh,"['NFT art', 'Photography']"
1047,nftgeneration2,['NFT art']
1048,phos3,"['NFT art', 'Photography']"
1049,gomp_art,"['NFT art', 'Photography', 'Poetry', 'Writing']"
1050,the_sparkler,"['NFT art', 'Photography']"
1051,goper,['NFT art']
1052,reiniscouple,"['NFT art', 'Nude art', 'Photography']"
1053,katrinappleseen,"['NFT art', 'Painting']"
1054,eliami,"['NFT art', 'Photography']"
1055,milad_kia,"['NFT art', 'Painting']"
1056,oliveraukschun,"['NFT art', 'Nude art', 'Photography']"
1057,okoavijumu,['NFT art']
1058,akdell,['NFT art']
1059,banafsheh,"['NFT art', 'Photography']"
1060,ftimamaalekii,['NFT art']
1061,pepe,['NFT art']
1062,fatemehfrb,['NFT art']
1063,hugofaz,"['Nude art', 'Performance art', 'Photography', 'Video art']"
1064,rmmccormick,"['Nude art', 'Photography']"
1065,nylondrama,"['Nude art', 'Photography']"
1066,eri,['Nude art']
1067,yuri,"['Nude art', 'Photography']"
1068,ugurkayann,['Nude art']
1069,scrawlzy,['Painting']
1070,irishnftgal,['Painting']
1071,ellenstarrlyon,['Painting']
1072,artofswar,['Painting']
1073,drexxmadeit,['Painting']
1074,kso,['Painting']
1075,abtin_2016kh,['Painting']
1076,dojan,['Painting']
1077,artnaz,['Painting']
1078,toomar,['Painting']
1079,anahita,['Painting']
1080,mrsunbreakble,['Painting']
1081,artline_nft,['Painting']
1082,fahankar,"['Painting', 'Paper']"
1083,brooksgallery,['Painting']
1084,ginachoy,['Painting']
1085,roy,['Painting']
1086,monartii,['Painting']
1087,theamirradmehr,"['Painting', 'Photography']"
1088,erfansaalehi,"['Painting', 'Poetry', 'Printmaking']"
1089,catgarden,['Painting']
1090,ladyjday,['Painting']
1091,roadsidelake,"['Painting', 'Video art']"
1092,elishad,['Painting']
1093,elmira_moohel,['Performance art']
1094,sueartens,"['Performance art', 'Photography']"
1095,sukrits25,['Photography']
1096,moji,['Photography']
1097,ellifite,['Photography']
1098,tornaphotos,['Photography']
1099,daevidadeola,['Photography']
1100,pornsoup,['Photography']
1101,nakulsharma07,"['Photography', 'Video editing']"
1102,korayozpalamutcu,['Photography']
1103,warleyvenancio,['Photography']
1104,prakashghai,['Photography']
1105,focuspirate,['Photography']
1106,sreeranj,['Photography']
1107,jordanbanks,['Photography']
1108,with_dani,['Photography']
1109,brynnalise,"['Photography', 'Writing']"
1110,tara,['Photography']
1111,priyanka,"['Photography', 'UI design', 'UX design']"
1112,masoudheidari_com,['Photography']
1113,lscottpht,['Photography']
1114,johnknopf,['Photography']
1115,klepikovadaria,['Photography']
1116,dreadlocktvlr,['Photography']
1117,flavioacri,['Photography']
1118,kitsu_sun,['Photography']
1119,naomiolsonphoto,['Photography']
1120,arashsahra,"['Photography', 'Poetry']"
1121,atiabii,['Photography']
1122,miladkaramooz,['Photography']
1123,burnasso,['Photography']
1124,aghasiani,['Photography']
1125,shahrdad,['Photography']
1126,hannahmaghsoudi,['Photography']
1127,sa25nft,['Photography']
1128,tabassom,['Photography']
1129,sabaizaddoust,['Photography']
1130,erfansamanfar,['Photography']
1131,saeidarabzadeh,['Photography']
1132,ashira,['Photography']
1133,masis,['Photography']
1134,rezabakhshi,['Photography']
1135,shad,['Photography']
1136,borzieguccione,['Photography']
1137,mahshguild,['Photography']
1138,mellback,['Photography']
1139,mayudrops,['Photography']
1140,tylersjourney,['Photography']
1141,ebrahim,['Photography']
1142,filmofgrain,['Photography']
1143,seeimagery,['Photography']
1144,walasavagephoto,['Photography']
1145,tristantodd,['Photography']
1146,omarzrobles,['Photography']
1147,vieribottazzini,['Photography']
1148,hind,['Photography']
1149,liyat,['Photography']
1150,nickyashika,['Photography']
1151,nick_skeyes,['Photography']
1152,fatemehkhajevandi,['Photography']
1153,aydinmustafa,['Photography']
1154,christophejr,['Photography']
1155,rosstintexas,['Photography']
1156,guillaumemk,"['Photography', 'Video editing']"
1157,oneloudimage,['Photography']
1158,silkswat,['Photography']
1159,razi,['Photography']
1160,francescoaglieri,['Photography']
1161,abveekshith,['Photography']
1162,paddy,['Photography']
1163,mellodora,['Photography']
1164,photosbyswati,['Photography']
1165,takinshot,['Photography']
1166,janis33,['Photography']
1167,dmitriykhaykin,['Photography']
1168,fernandosamalot,"['Photography', 'Poetry']"
1169,nftsariyildiz,"['Photography', 'Videography']"
1170,joseramos,['Photography']
1171,pelingenc,['Photography']
1172,dianatrillo,['Photography']
1173,mehdicandau,['Photography']
1174,woszczynawiesnowski,['Photography']
1175,lilwldchld,['Photography']
1176,jonashangartner,"['Photography', 'Videography']"
1177,raven_slb,['Photography']
1178,erdemkuybulu,['Photography']
1179,asef_azi,['Photography']
1180,davidobi,['Photography']
1181,cassi_moghan,['Photography']
1182,jasonnorton,['Photography']
1183,seanbonner,['Photography']
1184,themanualdude,['Photography']
1185,sally,['Photography']
1186,growthrev,['Photography']
1187,andresgallardo,['Photography']
1188,prajit,['Photography']
1189,anggagrap,['Photography']
1190,milibooo,['Photography']
1191,melihtaner,['Photography']
1192,serapgorunme,['Photography']
1193,brianmannphoto,"['Photography', 'Video editing']"
1194,vik_vii7,['Photography']
1195,davidloh,['Photography']
1196,innamosina,"['Photography', 'Video art']"
1197,friedchickensandwich,['Photography']
1198,emektar,['Photography']
1199,memedozaslan,['Photography']
1200,nicolasbets,['Photography']
1201,donnamartinez,['Photography']
1202,feyzullah,['Photography']
1203,wioulet,['Photography']
1204,kouwalsen,"['Photography', 'Writing']"
1205,patrickamadon,['Street art']
1206,miaforrest,['Video art']
1207,parisa,['Voice acting']
